tag,climate_year,gas_price,co2_price,battery_scale,load_scale,ntc_scale,battery_duration,nuclear_scale,battery_extendable,matrix,scenario_id,output_file,status
bat1x_gas18_co2_80_cy2003_dur1x,2003,18.0,80.0,1,1.0,1.0,1,1.0,False,core,0,C:\Users\michaela.lelova\hodor\hodor_dp\scenarios\networks_core\bat1x_gas18_co2_80_cy2003_dur1x.nc,pending
bat1x_gas18_co2_80_cy2003_dur2x,2003,18.0,80.0,1,1.0,1.0,2,1.0,False,core,1,C:\Users\michaela.lelova\hodor\hodor_dp\scenarios\networks_core\bat1x_gas18_co2_80_cy2003_dur2x.nc,pending
bat1x_gas18_co2_80_cy2003_dur3x,2003,18.0,80.0,1,1.0,1.0,3,1.0,False,core,2,C:\Users\michaela.lelova\hodor\hodor_dp\scenarios\networks_core\bat1x_gas18_co2_80_cy2003_dur3x.nc,pending
bat1x_gas18_co2_80_cy2003_dur4x,2003,18.0,80.0,1,1.0,1.0,4,1.0,False,core,3,C:\Users\michaela.lelova\hodor\hodor_dp\scenarios\networks_core\bat1x_gas18_co2_80_cy2003_dur4x.nc,pending
bat2x_gas18_co2_80_cy2003_dur1x,2003,18.0,80.0,2,1.0,1.0,1,1.0,False,core,4,C:\Users\michaela.lelova\hodor\hodor_dp\scenarios\networks_core\bat2x_gas18_co2_80_cy2003_dur1x.nc,pending
bat2x_gas18_co2_80_cy2003_dur2x,2003,18.0,80.0,2,1.0,1.0,2,1.0,False,core,5,C:\Users\michaela.lelova\hodor\hodor_dp\scenarios\networks_core\bat2x_gas18_co2_80_cy2003_dur2x.nc,pending
bat2x_gas18_co2_80_cy2003_dur3x,2003,18.0,80.0,2,1.0,1.0,3,1.0,False,core,6,C:\Users\michaela.lelova\hodor\hodor_dp\scenarios\networks_core\bat2x_gas18_co2_80_cy2003_dur3x.nc,pending
bat2x_gas18_co2_80_cy2003_dur4x,2003,18.0,80.0,2,1.0,1.0,4,1.0,False,core,7,C:\Users\michaela.lelova\hodor\hodor_dp\scenarios\networks_core\bat2x_gas18_co2_80_cy2003_dur4x.nc,pending
bat4x_gas18_co2_80_cy2003_dur1x,2003,18.0,80.0,4,1.0,1.0,1,1.0,False,core,8,C:\Users\michaela.lelova\hodor\hodor_dp\scenarios\networks_core\bat4x_gas18_co2_80_cy2003_dur1x.nc,pending
bat4x_gas18_co2_80_cy2003_dur2x,2003,18.0,80.0,4,1.0,1.0,2,1.0,False,core,9,C:\Users\michaela.lelova\hodor\hodor_dp\scenarios\networks_core\bat4x_gas18_co2_80_cy2003_dur2x.nc,pending
bat4x_gas18_co2_80_cy2003_dur3x,2003,18.0,80.0,4,1.0,1.0,3,1.0,False,core,10,C:\Users\michaela.lelova\hodor\hodor_dp\scenarios\networks_core\bat4x_gas18_co2_80_cy2003_dur3x.nc,pending
bat4x_gas18_co2_80_cy2003_dur4x,2003,18.0,80.0,4,1.0,1.0,4,1.0,False,core,11,C:\Users\michaela.lelova\hodor\hodor_dp\scenarios\networks_core\bat4x_gas18_co2_80_cy2003_dur4x.nc,pending
bat8x_gas18_co2_80_cy2003_dur1x,2003,18.0,80.0,8,1.0,1.0,1,1.0,False,core,12,C:\Users\michaela.lelova\hodor\hodor_dp\scenarios\networks_core\bat8x_gas18_co2_80_cy2003_dur1x.nc,pending
bat8x_gas18_co2_80_cy2003_dur2x,2003,18.0,80.0,8,1.0,1.0,2,1.0,False,core,13,C:\Users\michaela.lelova\hodor\hodor_dp\scenarios\networks_core\bat8x_gas18_co2_80_cy2003_dur2x.nc,pending
bat8x_gas18_co2_80_cy2003_dur3x,2003,18.0,80.0,8,1.0,1.0,3,1.0,False,core,14,C:\Users\michaela.lelova\hodor\hodor_dp\scenarios\networks_core\bat8x_gas18_co2_80_cy2003_dur3x.nc,pending
bat8x_gas18_co2_80_cy2003_dur4x,2003,18.0,80.0,8,1.0,1.0,4,1.0,False,core,15,C:\Users\michaela.lelova\hodor\hodor_dp\scenarios\networks_core\bat8x_gas18_co2_80_cy2003_dur4x.nc,pending
bat1x_gas18_co2_113.4_cy2003_dur1x,2003,18.0,113.4,1,1.0,1.0,1,1.0,False,core,16,C:\Users\michaela.lelova\hodor\hodor_dp\scenarios\networks_core\bat1x_gas18_co2_113.4_cy2003_dur1x.nc,pending
bat1x_gas18_co2_113.4_cy2003_dur2x,2003,18.0,113.4,1,1.0,1.0,2,1.0,False,core,17,C:\Users\michaela.lelova\hodor\hodor_dp\scenarios\networks_core\bat1x_gas18_co2_113.4_cy2003_dur2x.nc,pending
bat1x_gas18_co2_113.4_cy2003_dur3x,2003,18.0,113.4,1,1.0,1.0,3,1.0,False,core,18,C:\Users\michaela.lelova\hodor\hodor_dp\scenarios\networks_core\bat1x_gas18_co2_113.4_cy2003_dur3x.nc,pending
bat1x_gas18_co2_113.4_cy2003_dur4x,2003,18.0,113.4,1,1.0,1.0,4,1.0,False,core,19,C:\Users\michaela.lelova\hodor\hodor_dp\scenarios\networks_core\bat1x_gas18_co2_113.4_cy2003_dur4x.nc,pending
bat2x_gas18_co2_113.4_cy2003_dur1x,2003,18.0,113.4,2,1.0,1.0,1,1.0,False,core,20,C:\Users\michaela.lelova\hodor\hodor_dp\scenarios\networks_core\bat2x_gas18_co2_113.4_cy2003_dur1x.nc,pending
bat2x_gas18_co2_113.4_cy2003_dur2x,2003,18.0,113.4,2,1.0,1.0,2,1.0,False,core,21,C:\Users\michaela.lelova\hodor\hodor_dp\scenarios\networks_core\bat2x_gas18_co2_113.4_cy2003_dur2x.nc,pending
bat2x_gas18_co2_113.4_cy2003_dur3x,2003,18.0,113.4,2,1.0,1.0,3,1.0,False,core,22,C:\Users\michaela.lelova\hodor\hodor_dp\scenarios\networks_core\bat2x_gas18_co2_113.4_cy2003_dur3x.nc,pending
bat2x_gas18_co2_113.4_cy2003_dur4x,2003,18.0,113.4,2,1.0,1.0,4,1.0,False,core,23,C:\Users\michaela.lelova\hodor\hodor_dp\scenarios\networks_core\bat2x_gas18_co2_113.4_cy2003_dur4x.nc,pending
bat4x_gas18_co2_113.4_cy2003_dur1x,2003,18.0,113.4,4,1.0,1.0,1,1.0,False,core,24,C:\Users\michaela.lelova\hodor\hodor_dp\scenarios\networks_core\bat4x_gas18_co2_113.4_cy2003_dur1x.nc,pending
bat4x_gas18_co2_113.4_cy2003_dur2x,2003,18.0,113.4,4,1.0,1.0,2,1.0,False,core,25,C:\Users\michaela.lelova\hodor\hodor_dp\scenarios\networks_core\bat4x_gas18_co2_113.4_cy2003_dur2x.nc,pending
bat4x_gas18_co2_113.4_cy2003_dur3x,2003,18.0,113.4,4,1.0,1.0,3,1.0,False,core,26,C:\Users\michaela.lelova\hodor\hodor_dp\scenarios\networks_core\bat4x_gas18_co2_113.4_cy2003_dur3x.nc,pending
bat4x_gas18_co2_113.4_cy2003_dur4x,2003,18.0,113.4,4,1.0,1.0,4,1.0,False,core,27,C:\Users\michaela.lelova\hodor\hodor_dp\scenarios\networks_core\bat4x_gas18_co2_113.4_cy2003_dur4x.nc,pending
bat8x_gas18_co2_113.4_cy2003_dur1x,2003,18.0,113.4,8,1.0,1.0,1,1.0,False,core,28,C:\Users\michaela.lelova\hodor\hodor_dp\scenarios\networks_core\bat8x_gas18_co2_113.4_cy2003_dur1x.nc,pending
bat8x_gas18_co2_113.4_cy2003_dur2x,2003,18.0,113.4,8,1.0,1.0,2,1.0,False,core,29,C:\Users\michaela.lelova\hodor\hodor_dp\scenarios\networks_core\bat8x_gas18_co2_113.4_cy2003_dur2x.nc,pending
bat8x_gas18_co2_113.4_cy2003_dur3x,2003,18.0,113.4,8,1.0,1.0,3,1.0,False,core,30,C:\Users\michaela.lelova\hodor\hodor_dp\scenarios\networks_core\bat8x_gas18_co2_113.4_cy2003_dur3x.nc,pending
bat8x_gas18_co2_113.4_cy2003_dur4x,2003,18.0,113.4,8,1.0,1.0,4,1.0,False,core,31,C:\Users\michaela.lelova\hodor\hodor_dp\scenarios\networks_core\bat8x_gas18_co2_113.4_cy2003_dur4x.nc,pending
bat1x_gas18_co2_140_cy2003_dur1x,2003,18.0,140.0,1,1.0,1.0,1,1.0,False,core,32,C:\Users\michaela.lelova\hodor\hodor_dp\scenarios\networks_core\bat1x_gas18_co2_140_cy2003_dur1x.nc,pending
bat1x_gas18_co2_140_cy2003_dur2x,2003,18.0,140.0,1,1.0,1.0,2,1.0,False,core,33,C:\Users\michaela.lelova\hodor\hodor_dp\scenarios\networks_core\bat1x_gas18_co2_140_cy2003_dur2x.nc,pending
bat1x_gas18_co2_140_cy2003_dur3x,2003,18.0,140.0,1,1.0,1.0,3,1.0,False,core,34,C:\Users\michaela.lelova\hodor\hodor_dp\scenarios\networks_core\bat1x_gas18_co2_140_cy2003_dur3x.nc,pending
bat1x_gas18_co2_140_cy2003_dur4x,2003,18.0,140.0,1,1.0,1.0,4,1.0,False,core,35,C:\Users\michaela.lelova\hodor\hodor_dp\scenarios\networks_core\bat1x_gas18_co2_140_cy2003_dur4x.nc,pending
bat2x_gas18_co2_140_cy2003_dur1x,2003,18.0,140.0,2,1.0,1.0,1,1.0,False,core,36,C:\Users\michaela.lelova\hodor\hodor_dp\scenarios\networks_core\bat2x_gas18_co2_140_cy2003_dur1x.nc,pending
bat2x_gas18_co2_140_cy2003_dur2x,2003,18.0,140.0,2,1.0,1.0,2,1.0,False,core,37,C:\Users\michaela.lelova\hodor\hodor_dp\scenarios\networks_core\bat2x_gas18_co2_140_cy2003_dur2x.nc,pending
bat2x_gas18_co2_140_cy2003_dur3x,2003,18.0,140.0,2,1.0,1.0,3,1.0,False,core,38,C:\Users\michaela.lelova\hodor\hodor_dp\scenarios\networks_core\bat2x_gas18_co2_140_cy2003_dur3x.nc,pending
bat2x_gas18_co2_140_cy2003_dur4x,2003,18.0,140.0,2,1.0,1.0,4,1.0,False,core,39,C:\Users\michaela.lelova\hodor\hodor_dp\scenarios\networks_core\bat2x_gas18_co2_140_cy2003_dur4x.nc,pending
bat4x_gas18_co2_140_cy2003_dur1x,2003,18.0,140.0,4,1.0,1.0,1,1.0,False,core,40,C:\Users\michaela.lelova\hodor\hodor_dp\scenarios\networks_core\bat4x_gas18_co2_140_cy2003_dur1x.nc,pending
bat4x_gas18_co2_140_cy2003_dur2x,2003,18.0,140.0,4,1.0,1.0,2,1.0,False,core,41,C:\Users\michaela.lelova\hodor\hodor_dp\scenarios\networks_core\bat4x_gas18_co2_140_cy2003_dur2x.nc,pending
bat4x_gas18_co2_140_cy2003_dur3x,2003,18.0,140.0,4,1.0,1.0,3,1.0,False,core,42,C:\Users\michaela.lelova\hodor\hodor_dp\scenarios\networks_core\bat4x_gas18_co2_140_cy2003_dur3x.nc,pending
bat4x_gas18_co2_140_cy2003_dur4x,2003,18.0,140.0,4,1.0,1.0,4,1.0,False,core,43,C:\Users\michaela.lelova\hodor\hodor_dp\scenarios\networks_core\bat4x_gas18_co2_140_cy2003_dur4x.nc,pending
bat8x_gas18_co2_140_cy2003_dur1x,2003,18.0,140.0,8,1.0,1.0,1,1.0,False,core,44,C:\Users\michaela.lelova\hodor\hodor_dp\scenarios\networks_core\bat8x_gas18_co2_140_cy2003_dur1x.nc,pending
bat8x_gas18_co2_140_cy2003_dur2x,2003,18.0,140.0,8,1.0,1.0,2,1.0,False,core,45,C:\Users\michaela.lelova\hodor\hodor_dp\scenarios\networks_core\bat8x_gas18_co2_140_cy2003_dur2x.nc,pending
bat8x_gas18_co2_140_cy2003_dur3x,2003,18.0,140.0,8,1.0,1.0,3,1.0,False,core,46,C:\Users\michaela.lelova\hodor\hodor_dp\scenarios\networks_core\bat8x_gas18_co2_140_cy2003_dur3x.nc,pending
bat8x_gas18_co2_140_cy2003_dur4x,2003,18.0,140.0,8,1.0,1.0,4,1.0,False,core,47,C:\Users\michaela.lelova\hodor\hodor_dp\scenarios\networks_core\bat8x_gas18_co2_140_cy2003_dur4x.nc,pending
bat1x_gas22.68_co2_80_cy2003_dur1x,2003,22.68,80.0,1,1.0,1.0,1,1.0,False,core,48,C:\Users\michaela.lelova\hodor\hodor_dp\scenarios\networks_core\bat1x_gas22.68_co2_80_cy2003_dur1x.nc,pending
bat1x_gas22.68_co2_80_cy2003_dur2x,2003,22.68,80.0,1,1.0,1.0,2,1.0,False,core,49,C:\Users\michaela.lelova\hodor\hodor_dp\scenarios\networks_core\bat1x_gas22.68_co2_80_cy2003_dur2x.nc,pending
bat1x_gas22.68_co2_80_cy2003_dur3x,2003,22.68,80.0,1,1.0,1.0,3,1.0,False,core,50,C:\Users\michaela.lelova\hodor\hodor_dp\scenarios\networks_core\bat1x_gas22.68_co2_80_cy2003_dur3x.nc,pending
bat1x_gas22.68_co2_80_cy2003_dur4x,2003,22.68,80.0,1,1.0,1.0,4,1.0,False,core,51,C:\Users\michaela.lelova\hodor\hodor_dp\scenarios\networks_core\bat1x_gas22.68_co2_80_cy2003_dur4x.nc,pending
bat2x_gas22.68_co2_80_cy2003_dur1x,2003,22.68,80.0,2,1.0,1.0,1,1.0,False,core,52,C:\Users\michaela.lelova\hodor\hodor_dp\scenarios\networks_core\bat2x_gas22.68_co2_80_cy2003_dur1x.nc,pending
bat2x_gas22.68_co2_80_cy2003_dur2x,2003,22.68,80.0,2,1.0,1.0,2,1.0,False,core,53,C:\Users\michaela.lelova\hodor\hodor_dp\scenarios\networks_core\bat2x_gas22.68_co2_80_cy2003_dur2x.nc,pending
bat2x_gas22.68_co2_80_cy2003_dur3x,2003,22.68,80.0,2,1.0,1.0,3,1.0,False,core,54,C:\Users\michaela.lelova\hodor\hodor_dp\scenarios\networks_core\bat2x_gas22.68_co2_80_cy2003_dur3x.nc,pending
bat2x_gas22.68_co2_80_cy2003_dur4x,2003,22.68,80.0,2,1.0,1.0,4,1.0,False,core,55,C:\Users\michaela.lelova\hodor\hodor_dp\scenarios\networks_core\bat2x_gas22.68_co2_80_cy2003_dur4x.nc,pending
bat4x_gas22.68_co2_80_cy2003_dur1x,2003,22.68,80.0,4,1.0,1.0,1,1.0,False,core,56,C:\Users\michaela.lelova\hodor\hodor_dp\scenarios\networks_core\bat4x_gas22.68_co2_80_cy2003_dur1x.nc,pending
bat4x_gas22.68_co2_80_cy2003_dur2x,2003,22.68,80.0,4,1.0,1.0,2,1.0,False,core,57,C:\Users\michaela.lelova\hodor\hodor_dp\scenarios\networks_core\bat4x_gas22.68_co2_80_cy2003_dur2x.nc,pending
bat4x_gas22.68_co2_80_cy2003_dur3x,2003,22.68,80.0,4,1.0,1.0,3,1.0,False,core,58,C:\Users\michaela.lelova\hodor\hodor_dp\scenarios\networks_core\bat4x_gas22.68_co2_80_cy2003_dur3x.nc,pending
bat4x_gas22.68_co2_80_cy2003_dur4x,2003,22.68,80.0,4,1.0,1.0,4,1.0,False,core,59,C:\Users\michaela.lelova\hodor\hodor_dp\scenarios\networks_core\bat4x_gas22.68_co2_80_cy2003_dur4x.nc,pending
bat8x_gas22.68_co2_80_cy2003_dur1x,2003,22.68,80.0,8,1.0,1.0,1,1.0,False,core,60,C:\Users\michaela.lelova\hodor\hodor_dp\scenarios\networks_core\bat8x_gas22.68_co2_80_cy2003_dur1x.nc,pending
bat8x_gas22.68_co2_80_cy2003_dur2x,2003,22.68,80.0,8,1.0,1.0,2,1.0,False,core,61,C:\Users\michaela.lelova\hodor\hodor_dp\scenarios\networks_core\bat8x_gas22.68_co2_80_cy2003_dur2x.nc,pending
bat8x_gas22.68_co2_80_cy2003_dur3x,2003,22.68,80.0,8,1.0,1.0,3,1.0,False,core,62,C:\Users\michaela.lelova\hodor\hodor_dp\scenarios\networks_core\bat8x_gas22.68_co2_80_cy2003_dur3x.nc,pending
bat8x_gas22.68_co2_80_cy2003_dur4x,2003,22.68,80.0,8,1.0,1.0,4,1.0,False,core,63,C:\Users\michaela.lelova\hodor\hodor_dp\scenarios\networks_core\bat8x_gas22.68_co2_80_cy2003_dur4x.nc,pending
bat1x_gas22.68_co2_113.4_cy2003_dur1x,2003,22.68,113.4,1,1.0,1.0,1,1.0,False,core,64,C:\Users\michaela.lelova\hodor\hodor_dp\scenarios\networks_core\bat1x_gas22.68_co2_113.4_cy2003_dur1x.nc,pending
bat1x_gas22.68_co2_113.4_cy2003_dur2x,2003,22.68,113.4,1,1.0,1.0,2,1.0,False,core,65,C:\Users\michaela.lelova\hodor\hodor_dp\scenarios\networks_core\bat1x_gas22.68_co2_113.4_cy2003_dur2x.nc,pending
bat1x_gas22.68_co2_113.4_cy2003_dur3x,2003,22.68,113.4,1,1.0,1.0,3,1.0,False,core,66,C:\Users\michaela.lelova\hodor\hodor_dp\scenarios\networks_core\bat1x_gas22.68_co2_113.4_cy2003_dur3x.nc,pending
bat1x_gas22.68_co2_113.4_cy2003_dur4x,2003,22.68,113.4,1,1.0,1.0,4,1.0,False,core,67,C:\Users\michaela.lelova\hodor\hodor_dp\scenarios\networks_core\bat1x_gas22.68_co2_113.4_cy2003_dur4x.nc,pending
bat2x_gas22.68_co2_113.4_cy2003_dur1x,2003,22.68,113.4,2,1.0,1.0,1,1.0,False,core,68,C:\Users\michaela.lelova\hodor\hodor_dp\scenarios\networks_core\bat2x_gas22.68_co2_113.4_cy2003_dur1x.nc,pending
bat2x_gas22.68_co2_113.4_cy2003_dur2x,2003,22.68,113.4,2,1.0,1.0,2,1.0,False,core,69,C:\Users\michaela.lelova\hodor\hodor_dp\scenarios\networks_core\bat2x_gas22.68_co2_113.4_cy2003_dur2x.nc,pending
bat2x_gas22.68_co2_113.4_cy2003_dur3x,2003,22.68,113.4,2,1.0,1.0,3,1.0,False,core,70,C:\Users\michaela.lelova\hodor\hodor_dp\scenarios\networks_core\bat2x_gas22.68_co2_113.4_cy2003_dur3x.nc,pending
bat2x_gas22.68_co2_113.4_cy2003_dur4x,2003,22.68,113.4,2,1.0,1.0,4,1.0,False,core,71,C:\Users\michaela.lelova\hodor\hodor_dp\scenarios\networks_core\bat2x_gas22.68_co2_113.4_cy2003_dur4x.nc,pending
bat4x_gas22.68_co2_113.4_cy2003_dur1x,2003,22.68,113.4,4,1.0,1.0,1,1.0,False,core,72,C:\Users\michaela.lelova\hodor\hodor_dp\scenarios\networks_core\bat4x_gas22.68_co2_113.4_cy2003_dur1x.nc,pending
bat4x_gas22.68_co2_113.4_cy2003_dur2x,2003,22.68,113.4,4,1.0,1.0,2,1.0,False,core,73,C:\Users\michaela.lelova\hodor\hodor_dp\scenarios\networks_core\bat4x_gas22.68_co2_113.4_cy2003_dur2x.nc,pending
bat4x_gas22.68_co2_113.4_cy2003_dur3x,2003,22.68,113.4,4,1.0,1.0,3,1.0,False,core,74,C:\Users\michaela.lelova\hodor\hodor_dp\scenarios\networks_core\bat4x_gas22.68_co2_113.4_cy2003_dur3x.nc,pending
bat4x_gas22.68_co2_113.4_cy2003_dur4x,2003,22.68,113.4,4,1.0,1.0,4,1.0,False,core,75,C:\Users\michaela.lelova\hodor\hodor_dp\scenarios\networks_core\bat4x_gas22.68_co2_113.4_cy2003_dur4x.nc,pending
bat8x_gas22.68_co2_113.4_cy2003_dur1x,2003,22.68,113.4,8,1.0,1.0,1,1.0,False,core,76,C:\Users\michaela.lelova\hodor\hodor_dp\scenarios\networks_core\bat8x_gas22.68_co2_113.4_cy2003_dur1x.nc,pending
bat8x_gas22.68_co2_113.4_cy2003_dur2x,2003,22.68,113.4,8,1.0,1.0,2,1.0,False,core,77,C:\Users\michaela.lelova\hodor\hodor_dp\scenarios\networks_core\bat8x_gas22.68_co2_113.4_cy2003_dur2x.nc,pending
bat8x_gas22.68_co2_113.4_cy2003_dur3x,2003,22.68,113.4,8,1.0,1.0,3,1.0,False,core,78,C:\Users\michaela.lelova\hodor\hodor_dp\scenarios\networks_core\bat8x_gas22.68_co2_113.4_cy2003_dur3x.nc,pending
bat8x_gas22.68_co2_113.4_cy2003_dur4x,2003,22.68,113.4,8,1.0,1.0,4,1.0,False,core,79,C:\Users\michaela.lelova\hodor\hodor_dp\scenarios\networks_core\bat8x_gas22.68_co2_113.4_cy2003_dur4x.nc,pending
bat1x_gas22.68_co2_140_cy2003_dur1x,2003,22.68,140.0,1,1.0,1.0,1,1.0,False,core,80,C:\Users\michaela.lelova\hodor\hodor_dp\scenarios\networks_core\bat1x_gas22.68_co2_140_cy2003_dur1x.nc,pending
bat1x_gas22.68_co2_140_cy2003_dur2x,2003,22.68,140.0,1,1.0,1.0,2,1.0,False,core,81,C:\Users\michaela.lelova\hodor\hodor_dp\scenarios\networks_core\bat1x_gas22.68_co2_140_cy2003_dur2x.nc,pending
bat1x_gas22.68_co2_140_cy2003_dur3x,2003,22.68,140.0,1,1.0,1.0,3,1.0,False,core,82,C:\Users\michaela.lelova\hodor\hodor_dp\scenarios\networks_core\bat1x_gas22.68_co2_140_cy2003_dur3x.nc,pending
bat1x_gas22.68_co2_140_cy2003_dur4x,2003,22.68,140.0,1,1.0,1.0,4,1.0,False,core,83,C:\Users\michaela.lelova\hodor\hodor_dp\scenarios\networks_core\bat1x_gas22.68_co2_140_cy2003_dur4x.nc,pending
bat2x_gas22.68_co2_140_cy2003_dur1x,2003,22.68,140.0,2,1.0,1.0,1,1.0,False,core,84,C:\Users\michaela.lelova\hodor\hodor_dp\scenarios\networks_core\bat2x_gas22.68_co2_140_cy2003_dur1x.nc,pending
bat2x_gas22.68_co2_140_cy2003_dur2x,2003,22.68,140.0,2,1.0,1.0,2,1.0,False,core,85,C:\Users\michaela.lelova\hodor\hodor_dp\scenarios\networks_core\bat2x_gas22.68_co2_140_cy2003_dur2x.nc,pending
bat2x_gas22.68_co2_140_cy2003_dur3x,2003,22.68,140.0,2,1.0,1.0,3,1.0,False,core,86,C:\Users\michaela.lelova\hodor\hodor_dp\scenarios\networks_core\bat2x_gas22.68_co2_140_cy2003_dur3x.nc,pending
bat2x_gas22.68_co2_140_cy2003_dur4x,2003,22.68,140.0,2,1.0,1.0,4,1.0,False,core,87,C:\Users\michaela.lelova\hodor\hodor_dp\scenarios\networks_core\bat2x_gas22.68_co2_140_cy2003_dur4x.nc,pending
bat4x_gas22.68_co2_140_cy2003_dur1x,2003,22.68,140.0,4,1.0,1.0,1,1.0,False,core,88,C:\Users\michaela.lelova\hodor\hodor_dp\scenarios\networks_core\bat4x_gas22.68_co2_140_cy2003_dur1x.nc,pending
bat4x_gas22.68_co2_140_cy2003_dur2x,2003,22.68,140.0,4,1.0,1.0,2,1.0,False,core,89,C:\Users\michaela.lelova\hodor\hodor_dp\scenarios\networks_core\bat4x_gas22.68_co2_140_cy2003_dur2x.nc,pending
bat4x_gas22.68_co2_140_cy2003_dur3x,2003,22.68,140.0,4,1.0,1.0,3,1.0,False,core,90,C:\Users\michaela.lelova\hodor\hodor_dp\scenarios\networks_core\bat4x_gas22.68_co2_140_cy2003_dur3x.nc,pending
bat4x_gas22.68_co2_140_cy2003_dur4x,2003,22.68,140.0,4,1.0,1.0,4,1.0,False,core,91,C:\Users\michaela.lelova\hodor\hodor_dp\scenarios\networks_core\bat4x_gas22.68_co2_140_cy2003_dur4x.nc,pending
bat8x_gas22.68_co2_140_cy2003_dur1x,2003,22.68,140.0,8,1.0,1.0,1,1.0,False,core,92,C:\Users\michaela.lelova\hodor\hodor_dp\scenarios\networks_core\bat8x_gas22.68_co2_140_cy2003_dur1x.nc,pending
bat8x_gas22.68_co2_140_cy2003_dur2x,2003,22.68,140.0,8,1.0,1.0,2,1.0,False,core,93,C:\Users\michaela.lelova\hodor\hodor_dp\scenarios\networks_core\bat8x_gas22.68_co2_140_cy2003_dur2x.nc,pending
bat8x_gas22.68_co2_140_cy2003_dur3x,2003,22.68,140.0,8,1.0,1.0,3,1.0,False,core,94,C:\Users\michaela.lelova\hodor\hodor_dp\scenarios\networks_core\bat8x_gas22.68_co2_140_cy2003_dur3x.nc,pending
bat8x_gas22.68_co2_140_cy2003_dur4x,2003,22.68,140.0,8,1.0,1.0,4,1.0,False,core,95,C:\Users\michaela.lelova\hodor\hodor_dp\scenarios\networks_core\bat8x_gas22.68_co2_140_cy2003_dur4x.nc,pending
bat1x_gas35_co2_80_cy2003_dur1x,2003,35.0,80.0,1,1.0,1.0,1,1.0,False,core,96,C:\Users\michaela.lelova\hodor\hodor_dp\scenarios\networks_core\bat1x_gas35_co2_80_cy2003_dur1x.nc,pending
bat1x_gas35_co2_80_cy2003_dur2x,2003,35.0,80.0,1,1.0,1.0,2,1.0,False,core,97,C:\Users\michaela.lelova\hodor\hodor_dp\scenarios\networks_core\bat1x_gas35_co2_80_cy2003_dur2x.nc,pending
bat1x_gas35_co2_80_cy2003_dur3x,2003,35.0,80.0,1,1.0,1.0,3,1.0,False,core,98,C:\Users\michaela.lelova\hodor\hodor_dp\scenarios\networks_core\bat1x_gas35_co2_80_cy2003_dur3x.nc,pending
bat1x_gas35_co2_80_cy2003_dur4x,2003,35.0,80.0,1,1.0,1.0,4,1.0,False,core,99,C:\Users\michaela.lelova\hodor\hodor_dp\scenarios\networks_core\bat1x_gas35_co2_80_cy2003_dur4x.nc,pending
bat2x_gas35_co2_80_cy2003_dur1x,2003,35.0,80.0,2,1.0,1.0,1,1.0,False,core,100,C:\Users\michaela.lelova\hodor\hodor_dp\scenarios\networks_core\bat2x_gas35_co2_80_cy2003_dur1x.nc,pending
bat2x_gas35_co2_80_cy2003_dur2x,2003,35.0,80.0,2,1.0,1.0,2,1.0,False,core,101,C:\Users\michaela.lelova\hodor\hodor_dp\scenarios\networks_core\bat2x_gas35_co2_80_cy2003_dur2x.nc,pending
bat2x_gas35_co2_80_cy2003_dur3x,2003,35.0,80.0,2,1.0,1.0,3,1.0,False,core,102,C:\Users\michaela.lelova\hodor\hodor_dp\scenarios\networks_core\bat2x_gas35_co2_80_cy2003_dur3x.nc,pending
bat2x_gas35_co2_80_cy2003_dur4x,2003,35.0,80.0,2,1.0,1.0,4,1.0,False,core,103,C:\Users\michaela.lelova\hodor\hodor_dp\scenarios\networks_core\bat2x_gas35_co2_80_cy2003_dur4x.nc,pending
bat4x_gas35_co2_80_cy2003_dur1x,2003,35.0,80.0,4,1.0,1.0,1,1.0,False,core,104,C:\Users\michaela.lelova\hodor\hodor_dp\scenarios\networks_core\bat4x_gas35_co2_80_cy2003_dur1x.nc,pending
bat4x_gas35_co2_80_cy2003_dur2x,2003,35.0,80.0,4,1.0,1.0,2,1.0,False,core,105,C:\Users\michaela.lelova\hodor\hodor_dp\scenarios\networks_core\bat4x_gas35_co2_80_cy2003_dur2x.nc,pending
bat4x_gas35_co2_80_cy2003_dur3x,2003,35.0,80.0,4,1.0,1.0,3,1.0,False,core,106,C:\Users\michaela.lelova\hodor\hodor_dp\scenarios\networks_core\bat4x_gas35_co2_80_cy2003_dur3x.nc,pending
bat4x_gas35_co2_80_cy2003_dur4x,2003,35.0,80.0,4,1.0,1.0,4,1.0,False,core,107,C:\Users\michaela.lelova\hodor\hodor_dp\scenarios\networks_core\bat4x_gas35_co2_80_cy2003_dur4x.nc,pending
bat8x_gas35_co2_80_cy2003_dur1x,2003,35.0,80.0,8,1.0,1.0,1,1.0,False,core,108,C:\Users\michaela.lelova\hodor\hodor_dp\scenarios\networks_core\bat8x_gas35_co2_80_cy2003_dur1x.nc,pending
bat8x_gas35_co2_80_cy2003_dur2x,2003,35.0,80.0,8,1.0,1.0,2,1.0,False,core,109,C:\Users\michaela.lelova\hodor\hodor_dp\scenarios\networks_core\bat8x_gas35_co2_80_cy2003_dur2x.nc,pending
bat8x_gas35_co2_80_cy2003_dur3x,2003,35.0,80.0,8,1.0,1.0,3,1.0,False,core,110,C:\Users\michaela.lelova\hodor\hodor_dp\scenarios\networks_core\bat8x_gas35_co2_80_cy2003_dur3x.nc,pending
bat8x_gas35_co2_80_cy2003_dur4x,2003,35.0,80.0,8,1.0,1.0,4,1.0,False,core,111,C:\Users\michaela.lelova\hodor\hodor_dp\scenarios\networks_core\bat8x_gas35_co2_80_cy2003_dur4x.nc,pending
bat1x_gas35_co2_113.4_cy2003_dur1x,2003,35.0,113.4,1,1.0,1.0,1,1.0,False,core,112,C:\Users\michaela.lelova\hodor\hodor_dp\scenarios\networks_core\bat1x_gas35_co2_113.4_cy2003_dur1x.nc,pending
bat1x_gas35_co2_113.4_cy2003_dur2x,2003,35.0,113.4,1,1.0,1.0,2,1.0,False,core,113,C:\Users\michaela.lelova\hodor\hodor_dp\scenarios\networks_core\bat1x_gas35_co2_113.4_cy2003_dur2x.nc,pending
bat1x_gas35_co2_113.4_cy2003_dur3x,2003,35.0,113.4,1,1.0,1.0,3,1.0,False,core,114,C:\Users\michaela.lelova\hodor\hodor_dp\scenarios\networks_core\bat1x_gas35_co2_113.4_cy2003_dur3x.nc,pending
bat1x_gas35_co2_113.4_cy2003_dur4x,2003,35.0,113.4,1,1.0,1.0,4,1.0,False,core,115,C:\Users\michaela.lelova\hodor\hodor_dp\scenarios\networks_core\bat1x_gas35_co2_113.4_cy2003_dur4x.nc,pending
bat2x_gas35_co2_113.4_cy2003_dur1x,2003,35.0,113.4,2,1.0,1.0,1,1.0,False,core,116,C:\Users\michaela.lelova\hodor\hodor_dp\scenarios\networks_core\bat2x_gas35_co2_113.4_cy2003_dur1x.nc,pending
bat2x_gas35_co2_113.4_cy2003_dur2x,2003,35.0,113.4,2,1.0,1.0,2,1.0,False,core,117,C:\Users\michaela.lelova\hodor\hodor_dp\scenarios\networks_core\bat2x_gas35_co2_113.4_cy2003_dur2x.nc,pending
bat2x_gas35_co2_113.4_cy2003_dur3x,2003,35.0,113.4,2,1.0,1.0,3,1.0,False,core,118,C:\Users\michaela.lelova\hodor\hodor_dp\scenarios\networks_core\bat2x_gas35_co2_113.4_cy2003_dur3x.nc,pending
bat2x_gas35_co2_113.4_cy2003_dur4x,2003,35.0,113.4,2,1.0,1.0,4,1.0,False,core,119,C:\Users\michaela.lelova\hodor\hodor_dp\scenarios\networks_core\bat2x_gas35_co2_113.4_cy2003_dur4x.nc,pending
bat4x_gas35_co2_113.4_cy2003_dur1x,2003,35.0,113.4,4,1.0,1.0,1,1.0,False,core,120,C:\Users\michaela.lelova\hodor\hodor_dp\scenarios\networks_core\bat4x_gas35_co2_113.4_cy2003_dur1x.nc,pending
bat4x_gas35_co2_113.4_cy2003_dur2x,2003,35.0,113.4,4,1.0,1.0,2,1.0,False,core,121,C:\Users\michaela.lelova\hodor\hodor_dp\scenarios\networks_core\bat4x_gas35_co2_113.4_cy2003_dur2x.nc,pending
bat4x_gas35_co2_113.4_cy2003_dur3x,2003,35.0,113.4,4,1.0,1.0,3,1.0,False,core,122,C:\Users\michaela.lelova\hodor\hodor_dp\scenarios\networks_core\bat4x_gas35_co2_113.4_cy2003_dur3x.nc,pending
bat4x_gas35_co2_113.4_cy2003_dur4x,2003,35.0,113.4,4,1.0,1.0,4,1.0,False,core,123,C:\Users\michaela.lelova\hodor\hodor_dp\scenarios\networks_core\bat4x_gas35_co2_113.4_cy2003_dur4x.nc,pending
bat8x_gas35_co2_113.4_cy2003_dur1x,2003,35.0,113.4,8,1.0,1.0,1,1.0,False,core,124,C:\Users\michaela.lelova\hodor\hodor_dp\scenarios\networks_core\bat8x_gas35_co2_113.4_cy2003_dur1x.nc,pending
bat8x_gas35_co2_113.4_cy2003_dur2x,2003,35.0,113.4,8,1.0,1.0,2,1.0,False,core,125,C:\Users\michaela.lelova\hodor\hodor_dp\scenarios\networks_core\bat8x_gas35_co2_113.4_cy2003_dur2x.nc,pending
bat8x_gas35_co2_113.4_cy2003_dur3x,2003,35.0,113.4,8,1.0,1.0,3,1.0,False,core,126,C:\Users\michaela.lelova\hodor\hodor_dp\scenarios\networks_core\bat8x_gas35_co2_113.4_cy2003_dur3x.nc,pending
bat8x_gas35_co2_113.4_cy2003_dur4x,2003,35.0,113.4,8,1.0,1.0,4,1.0,False,core,127,C:\Users\michaela.lelova\hodor\hodor_dp\scenarios\networks_core\bat8x_gas35_co2_113.4_cy2003_dur4x.nc,pending
bat1x_gas35_co2_140_cy2003_dur1x,2003,35.0,140.0,1,1.0,1.0,1,1.0,False,core,128,C:\Users\michaela.lelova\hodor\hodor_dp\scenarios\networks_core\bat1x_gas35_co2_140_cy2003_dur1x.nc,pending
bat1x_gas35_co2_140_cy2003_dur2x,2003,35.0,140.0,1,1.0,1.0,2,1.0,False,core,129,C:\Users\michaela.lelova\hodor\hodor_dp\scenarios\networks_core\bat1x_gas35_co2_140_cy2003_dur2x.nc,pending
bat1x_gas35_co2_140_cy2003_dur3x,2003,35.0,140.0,1,1.0,1.0,3,1.0,False,core,130,C:\Users\michaela.lelova\hodor\hodor_dp\scenarios\networks_core\bat1x_gas35_co2_140_cy2003_dur3x.nc,pending
bat1x_gas35_co2_140_cy2003_dur4x,2003,35.0,140.0,1,1.0,1.0,4,1.0,False,core,131,C:\Users\michaela.lelova\hodor\hodor_dp\scenarios\networks_core\bat1x_gas35_co2_140_cy2003_dur4x.nc,pending
bat2x_gas35_co2_140_cy2003_dur1x,2003,35.0,140.0,2,1.0,1.0,1,1.0,False,core,132,C:\Users\michaela.lelova\hodor\hodor_dp\scenarios\networks_core\bat2x_gas35_co2_140_cy2003_dur1x.nc,pending
bat2x_gas35_co2_140_cy2003_dur2x,2003,35.0,140.0,2,1.0,1.0,2,1.0,False,core,133,C:\Users\michaela.lelova\hodor\hodor_dp\scenarios\networks_core\bat2x_gas35_co2_140_cy2003_dur2x.nc,pending
bat2x_gas35_co2_140_cy2003_dur3x,2003,35.0,140.0,2,1.0,1.0,3,1.0,False,core,134,C:\Users\michaela.lelova\hodor\hodor_dp\scenarios\networks_core\bat2x_gas35_co2_140_cy2003_dur3x.nc,pending
bat2x_gas35_co2_140_cy2003_dur4x,2003,35.0,140.0,2,1.0,1.0,4,1.0,False,core,135,C:\Users\michaela.lelova\hodor\hodor_dp\scenarios\networks_core\bat2x_gas35_co2_140_cy2003_dur4x.nc,pending
bat4x_gas35_co2_140_cy2003_dur1x,2003,35.0,140.0,4,1.0,1.0,1,1.0,False,core,136,C:\Users\michaela.lelova\hodor\hodor_dp\scenarios\networks_core\bat4x_gas35_co2_140_cy2003_dur1x.nc,pending
bat4x_gas35_co2_140_cy2003_dur2x,2003,35.0,140.0,4,1.0,1.0,2,1.0,False,core,137,C:\Users\michaela.lelova\hodor\hodor_dp\scenarios\networks_core\bat4x_gas35_co2_140_cy2003_dur2x.nc,pending
bat4x_gas35_co2_140_cy2003_dur3x,2003,35.0,140.0,4,1.0,1.0,3,1.0,False,core,138,C:\Users\michaela.lelova\hodor\hodor_dp\scenarios\networks_core\bat4x_gas35_co2_140_cy2003_dur3x.nc,pending
bat4x_gas35_co2_140_cy2003_dur4x,2003,35.0,140.0,4,1.0,1.0,4,1.0,False,core,139,C:\Users\michaela.lelova\hodor\hodor_dp\scenarios\networks_core\bat4x_gas35_co2_140_cy2003_dur4x.nc,pending
bat8x_gas35_co2_140_cy2003_dur1x,2003,35.0,140.0,8,1.0,1.0,1,1.0,False,core,140,C:\Users\michaela.lelova\hodor\hodor_dp\scenarios\networks_core\bat8x_gas35_co2_140_cy2003_dur1x.nc,pending
bat8x_gas35_co2_140_cy2003_dur2x,2003,35.0,140.0,8,1.0,1.0,2,1.0,False,core,141,C:\Users\michaela.lelova\hodor\hodor_dp\scenarios\networks_core\bat8x_gas35_co2_140_cy2003_dur2x.nc,pending
bat8x_gas35_co2_140_cy2003_dur3x,2003,35.0,140.0,8,1.0,1.0,3,1.0,False,core,142,C:\Users\michaela.lelova\hodor\hodor_dp\scenarios\networks_core\bat8x_gas35_co2_140_cy2003_dur3x.nc,pending
bat8x_gas35_co2_140_cy2003_dur4x,2003,35.0,140.0,8,1.0,1.0,4,1.0,False,core,143,C:\Users\michaela.lelova\hodor\hodor_dp\scenarios\networks_core\bat8x_gas35_co2_140_cy2003_dur4x.nc,pending
bat1x_gas18_co2_80_cy2009_dur1x,2009,18.0,80.0,1,1.0,1.0,1,1.0,False,core,144,C:\Users\michaela.lelova\hodor\hodor_dp\scenarios\networks_core\bat1x_gas18_co2_80_cy2009_dur1x.nc,pending
bat1x_gas18_co2_80_cy2009_dur2x,2009,18.0,80.0,1,1.0,1.0,2,1.0,False,core,145,C:\Users\michaela.lelova\hodor\hodor_dp\scenarios\networks_core\bat1x_gas18_co2_80_cy2009_dur2x.nc,pending
bat1x_gas18_co2_80_cy2009_dur3x,2009,18.0,80.0,1,1.0,1.0,3,1.0,False,core,146,C:\Users\michaela.lelova\hodor\hodor_dp\scenarios\networks_core\bat1x_gas18_co2_80_cy2009_dur3x.nc,pending
bat1x_gas18_co2_80_cy2009_dur4x,2009,18.0,80.0,1,1.0,1.0,4,1.0,False,core,147,C:\Users\michaela.lelova\hodor\hodor_dp\scenarios\networks_core\bat1x_gas18_co2_80_cy2009_dur4x.nc,pending
bat2x_gas18_co2_80_cy2009_dur1x,2009,18.0,80.0,2,1.0,1.0,1,1.0,False,core,148,C:\Users\michaela.lelova\hodor\hodor_dp\scenarios\networks_core\bat2x_gas18_co2_80_cy2009_dur1x.nc,pending
bat2x_gas18_co2_80_cy2009_dur2x,2009,18.0,80.0,2,1.0,1.0,2,1.0,False,core,149,C:\Users\michaela.lelova\hodor\hodor_dp\scenarios\networks_core\bat2x_gas18_co2_80_cy2009_dur2x.nc,pending
bat2x_gas18_co2_80_cy2009_dur3x,2009,18.0,80.0,2,1.0,1.0,3,1.0,False,core,150,C:\Users\michaela.lelova\hodor\hodor_dp\scenarios\networks_core\bat2x_gas18_co2_80_cy2009_dur3x.nc,pending
bat2x_gas18_co2_80_cy2009_dur4x,2009,18.0,80.0,2,1.0,1.0,4,1.0,False,core,151,C:\Users\michaela.lelova\hodor\hodor_dp\scenarios\networks_core\bat2x_gas18_co2_80_cy2009_dur4x.nc,pending
bat4x_gas18_co2_80_cy2009_dur1x,2009,18.0,80.0,4,1.0,1.0,1,1.0,False,core,152,C:\Users\michaela.lelova\hodor\hodor_dp\scenarios\networks_core\bat4x_gas18_co2_80_cy2009_dur1x.nc,pending
bat4x_gas18_co2_80_cy2009_dur2x,2009,18.0,80.0,4,1.0,1.0,2,1.0,False,core,153,C:\Users\michaela.lelova\hodor\hodor_dp\scenarios\networks_core\bat4x_gas18_co2_80_cy2009_dur2x.nc,pending
bat4x_gas18_co2_80_cy2009_dur3x,2009,18.0,80.0,4,1.0,1.0,3,1.0,False,core,154,C:\Users\michaela.lelova\hodor\hodor_dp\scenarios\networks_core\bat4x_gas18_co2_80_cy2009_dur3x.nc,pending
bat4x_gas18_co2_80_cy2009_dur4x,2009,18.0,80.0,4,1.0,1.0,4,1.0,False,core,155,C:\Users\michaela.lelova\hodor\hodor_dp\scenarios\networks_core\bat4x_gas18_co2_80_cy2009_dur4x.nc,pending
bat8x_gas18_co2_80_cy2009_dur1x,2009,18.0,80.0,8,1.0,1.0,1,1.0,False,core,156,C:\Users\michaela.lelova\hodor\hodor_dp\scenarios\networks_core\bat8x_gas18_co2_80_cy2009_dur1x.nc,pending
bat8x_gas18_co2_80_cy2009_dur2x,2009,18.0,80.0,8,1.0,1.0,2,1.0,False,core,157,C:\Users\michaela.lelova\hodor\hodor_dp\scenarios\networks_core\bat8x_gas18_co2_80_cy2009_dur2x.nc,pending
bat8x_gas18_co2_80_cy2009_dur3x,2009,18.0,80.0,8,1.0,1.0,3,1.0,False,core,158,C:\Users\michaela.lelova\hodor\hodor_dp\scenarios\networks_core\bat8x_gas18_co2_80_cy2009_dur3x.nc,pending
bat8x_gas18_co2_80_cy2009_dur4x,2009,18.0,80.0,8,1.0,1.0,4,1.0,False,core,159,C:\Users\michaela.lelova\hodor\hodor_dp\scenarios\networks_core\bat8x_gas18_co2_80_cy2009_dur4x.nc,pending
bat1x_gas18_co2_113.4_cy2009_dur1x,2009,18.0,113.4,1,1.0,1.0,1,1.0,False,core,160,C:\Users\michaela.lelova\hodor\hodor_dp\scenarios\networks_core\bat1x_gas18_co2_113.4_cy2009_dur1x.nc,pending
bat1x_gas18_co2_113.4_cy2009_dur2x,2009,18.0,113.4,1,1.0,1.0,2,1.0,False,core,161,C:\Users\michaela.lelova\hodor\hodor_dp\scenarios\networks_core\bat1x_gas18_co2_113.4_cy2009_dur2x.nc,pending
bat1x_gas18_co2_113.4_cy2009_dur3x,2009,18.0,113.4,1,1.0,1.0,3,1.0,False,core,162,C:\Users\michaela.lelova\hodor\hodor_dp\scenarios\networks_core\bat1x_gas18_co2_113.4_cy2009_dur3x.nc,pending
bat1x_gas18_co2_113.4_cy2009_dur4x,2009,18.0,113.4,1,1.0,1.0,4,1.0,False,core,163,C:\Users\michaela.lelova\hodor\hodor_dp\scenarios\networks_core\bat1x_gas18_co2_113.4_cy2009_dur4x.nc,pending
bat2x_gas18_co2_113.4_cy2009_dur1x,2009,18.0,113.4,2,1.0,1.0,1,1.0,False,core,164,C:\Users\michaela.lelova\hodor\hodor_dp\scenarios\networks_core\bat2x_gas18_co2_113.4_cy2009_dur1x.nc,pending
bat2x_gas18_co2_113.4_cy2009_dur2x,2009,18.0,113.4,2,1.0,1.0,2,1.0,False,core,165,C:\Users\michaela.lelova\hodor\hodor_dp\scenarios\networks_core\bat2x_gas18_co2_113.4_cy2009_dur2x.nc,pending
bat2x_gas18_co2_113.4_cy2009_dur3x,2009,18.0,113.4,2,1.0,1.0,3,1.0,False,core,166,C:\Users\michaela.lelova\hodor\hodor_dp\scenarios\networks_core\bat2x_gas18_co2_113.4_cy2009_dur3x.nc,pending
bat2x_gas18_co2_113.4_cy2009_dur4x,2009,18.0,113.4,2,1.0,1.0,4,1.0,False,core,167,C:\Users\michaela.lelova\hodor\hodor_dp\scenarios\networks_core\bat2x_gas18_co2_113.4_cy2009_dur4x.nc,pending
bat4x_gas18_co2_113.4_cy2009_dur1x,2009,18.0,113.4,4,1.0,1.0,1,1.0,False,core,168,C:\Users\michaela.lelova\hodor\hodor_dp\scenarios\networks_core\bat4x_gas18_co2_113.4_cy2009_dur1x.nc,pending
bat4x_gas18_co2_113.4_cy2009_dur2x,2009,18.0,113.4,4,1.0,1.0,2,1.0,False,core,169,C:\Users\michaela.lelova\hodor\hodor_dp\scenarios\networks_core\bat4x_gas18_co2_113.4_cy2009_dur2x.nc,pending
bat4x_gas18_co2_113.4_cy2009_dur3x,2009,18.0,113.4,4,1.0,1.0,3,1.0,False,core,170,C:\Users\michaela.lelova\hodor\hodor_dp\scenarios\networks_core\bat4x_gas18_co2_113.4_cy2009_dur3x.nc,pending
bat4x_gas18_co2_113.4_cy2009_dur4x,2009,18.0,113.4,4,1.0,1.0,4,1.0,False,core,171,C:\Users\michaela.lelova\hodor\hodor_dp\scenarios\networks_core\bat4x_gas18_co2_113.4_cy2009_dur4x.nc,pending
bat8x_gas18_co2_113.4_cy2009_dur1x,2009,18.0,113.4,8,1.0,1.0,1,1.0,False,core,172,C:\Users\michaela.lelova\hodor\hodor_dp\scenarios\networks_core\bat8x_gas18_co2_113.4_cy2009_dur1x.nc,pending
bat8x_gas18_co2_113.4_cy2009_dur2x,2009,18.0,113.4,8,1.0,1.0,2,1.0,False,core,173,C:\Users\michaela.lelova\hodor\hodor_dp\scenarios\networks_core\bat8x_gas18_co2_113.4_cy2009_dur2x.nc,pending
bat8x_gas18_co2_113.4_cy2009_dur3x,2009,18.0,113.4,8,1.0,1.0,3,1.0,False,core,174,C:\Users\michaela.lelova\hodor\hodor_dp\scenarios\networks_core\bat8x_gas18_co2_113.4_cy2009_dur3x.nc,pending
bat8x_gas18_co2_113.4_cy2009_dur4x,2009,18.0,113.4,8,1.0,1.0,4,1.0,False,core,175,C:\Users\michaela.lelova\hodor\hodor_dp\scenarios\networks_core\bat8x_gas18_co2_113.4_cy2009_dur4x.nc,pending
bat1x_gas18_co2_140_cy2009_dur1x,2009,18.0,140.0,1,1.0,1.0,1,1.0,False,core,176,C:\Users\michaela.lelova\hodor\hodor_dp\scenarios\networks_core\bat1x_gas18_co2_140_cy2009_dur1x.nc,pending
bat1x_gas18_co2_140_cy2009_dur2x,2009,18.0,140.0,1,1.0,1.0,2,1.0,False,core,177,C:\Users\michaela.lelova\hodor\hodor_dp\scenarios\networks_core\bat1x_gas18_co2_140_cy2009_dur2x.nc,pending
bat1x_gas18_co2_140_cy2009_dur3x,2009,18.0,140.0,1,1.0,1.0,3,1.0,False,core,178,C:\Users\michaela.lelova\hodor\hodor_dp\scenarios\networks_core\bat1x_gas18_co2_140_cy2009_dur3x.nc,pending
bat1x_gas18_co2_140_cy2009_dur4x,2009,18.0,140.0,1,1.0,1.0,4,1.0,False,core,179,C:\Users\michaela.lelova\hodor\hodor_dp\scenarios\networks_core\bat1x_gas18_co2_140_cy2009_dur4x.nc,pending
bat2x_gas18_co2_140_cy2009_dur1x,2009,18.0,140.0,2,1.0,1.0,1,1.0,False,core,180,C:\Users\michaela.lelova\hodor\hodor_dp\scenarios\networks_core\bat2x_gas18_co2_140_cy2009_dur1x.nc,pending
bat2x_gas18_co2_140_cy2009_dur2x,2009,18.0,140.0,2,1.0,1.0,2,1.0,False,core,181,C:\Users\michaela.lelova\hodor\hodor_dp\scenarios\networks_core\bat2x_gas18_co2_140_cy2009_dur2x.nc,pending
bat2x_gas18_co2_140_cy2009_dur3x,2009,18.0,140.0,2,1.0,1.0,3,1.0,False,core,182,C:\Users\michaela.lelova\hodor\hodor_dp\scenarios\networks_core\bat2x_gas18_co2_140_cy2009_dur3x.nc,pending
bat2x_gas18_co2_140_cy2009_dur4x,2009,18.0,140.0,2,1.0,1.0,4,1.0,False,core,183,C:\Users\michaela.lelova\hodor\hodor_dp\scenarios\networks_core\bat2x_gas18_co2_140_cy2009_dur4x.nc,pending
bat4x_gas18_co2_140_cy2009_dur1x,2009,18.0,140.0,4,1.0,1.0,1,1.0,False,core,184,C:\Users\michaela.lelova\hodor\hodor_dp\scenarios\networks_core\bat4x_gas18_co2_140_cy2009_dur1x.nc,pending
bat4x_gas18_co2_140_cy2009_dur2x,2009,18.0,140.0,4,1.0,1.0,2,1.0,False,core,185,C:\Users\michaela.lelova\hodor\hodor_dp\scenarios\networks_core\bat4x_gas18_co2_140_cy2009_dur2x.nc,pending
bat4x_gas18_co2_140_cy2009_dur3x,2009,18.0,140.0,4,1.0,1.0,3,1.0,False,core,186,C:\Users\michaela.lelova\hodor\hodor_dp\scenarios\networks_core\bat4x_gas18_co2_140_cy2009_dur3x.nc,pending
bat4x_gas18_co2_140_cy2009_dur4x,2009,18.0,140.0,4,1.0,1.0,4,1.0,False,core,187,C:\Users\michaela.lelova\hodor\hodor_dp\scenarios\networks_core\bat4x_gas18_co2_140_cy2009_dur4x.nc,pending
bat8x_gas18_co2_140_cy2009_dur1x,2009,18.0,140.0,8,1.0,1.0,1,1.0,False,core,188,C:\Users\michaela.lelova\hodor\hodor_dp\scenarios\networks_core\bat8x_gas18_co2_140_cy2009_dur1x.nc,pending
bat8x_gas18_co2_140_cy2009_dur2x,2009,18.0,140.0,8,1.0,1.0,2,1.0,False,core,189,C:\Users\michaela.lelova\hodor\hodor_dp\scenarios\networks_core\bat8x_gas18_co2_140_cy2009_dur2x.nc,pending
bat8x_gas18_co2_140_cy2009_dur3x,2009,18.0,140.0,8,1.0,1.0,3,1.0,False,core,190,C:\Users\michaela.lelova\hodor\hodor_dp\scenarios\networks_core\bat8x_gas18_co2_140_cy2009_dur3x.nc,pending
bat8x_gas18_co2_140_cy2009_dur4x,2009,18.0,140.0,8,1.0,1.0,4,1.0,False,core,191,C:\Users\michaela.lelova\hodor\hodor_dp\scenarios\networks_core\bat8x_gas18_co2_140_cy2009_dur4x.nc,pending
bat1x_gas22.68_co2_80_cy2009_dur1x,2009,22.68,80.0,1,1.0,1.0,1,1.0,False,core,192,C:\Users\michaela.lelova\hodor\hodor_dp\scenarios\networks_core\bat1x_gas22.68_co2_80_cy2009_dur1x.nc,pending
bat1x_gas22.68_co2_80_cy2009_dur2x,2009,22.68,80.0,1,1.0,1.0,2,1.0,False,core,193,C:\Users\michaela.lelova\hodor\hodor_dp\scenarios\networks_core\bat1x_gas22.68_co2_80_cy2009_dur2x.nc,pending
bat1x_gas22.68_co2_80_cy2009_dur3x,2009,22.68,80.0,1,1.0,1.0,3,1.0,False,core,194,C:\Users\michaela.lelova\hodor\hodor_dp\scenarios\networks_core\bat1x_gas22.68_co2_80_cy2009_dur3x.nc,pending
bat1x_gas22.68_co2_80_cy2009_dur4x,2009,22.68,80.0,1,1.0,1.0,4,1.0,False,core,195,C:\Users\michaela.lelova\hodor\hodor_dp\scenarios\networks_core\bat1x_gas22.68_co2_80_cy2009_dur4x.nc,pending
bat2x_gas22.68_co2_80_cy2009_dur1x,2009,22.68,80.0,2,1.0,1.0,1,1.0,False,core,196,C:\Users\michaela.lelova\hodor\hodor_dp\scenarios\networks_core\bat2x_gas22.68_co2_80_cy2009_dur1x.nc,pending
bat2x_gas22.68_co2_80_cy2009_dur2x,2009,22.68,80.0,2,1.0,1.0,2,1.0,False,core,197,C:\Users\michaela.lelova\hodor\hodor_dp\scenarios\networks_core\bat2x_gas22.68_co2_80_cy2009_dur2x.nc,pending
bat2x_gas22.68_co2_80_cy2009_dur3x,2009,22.68,80.0,2,1.0,1.0,3,1.0,False,core,198,C:\Users\michaela.lelova\hodor\hodor_dp\scenarios\networks_core\bat2x_gas22.68_co2_80_cy2009_dur3x.nc,pending
bat2x_gas22.68_co2_80_cy2009_dur4x,2009,22.68,80.0,2,1.0,1.0,4,1.0,False,core,199,C:\Users\michaela.lelova\hodor\hodor_dp\scenarios\networks_core\bat2x_gas22.68_co2_80_cy2009_dur4x.nc,pending
bat4x_gas22.68_co2_80_cy2009_dur1x,2009,22.68,80.0,4,1.0,1.0,1,1.0,False,core,200,C:\Users\michaela.lelova\hodor\hodor_dp\scenarios\networks_core\bat4x_gas22.68_co2_80_cy2009_dur1x.nc,pending
bat4x_gas22.68_co2_80_cy2009_dur2x,2009,22.68,80.0,4,1.0,1.0,2,1.0,False,core,201,C:\Users\michaela.lelova\hodor\hodor_dp\scenarios\networks_core\bat4x_gas22.68_co2_80_cy2009_dur2x.nc,pending
bat4x_gas22.68_co2_80_cy2009_dur3x,2009,22.68,80.0,4,1.0,1.0,3,1.0,False,core,202,C:\Users\michaela.lelova\hodor\hodor_dp\scenarios\networks_core\bat4x_gas22.68_co2_80_cy2009_dur3x.nc,pending
bat4x_gas22.68_co2_80_cy2009_dur4x,2009,22.68,80.0,4,1.0,1.0,4,1.0,False,core,203,C:\Users\michaela.lelova\hodor\hodor_dp\scenarios\networks_core\bat4x_gas22.68_co2_80_cy2009_dur4x.nc,pending
bat8x_gas22.68_co2_80_cy2009_dur1x,2009,22.68,80.0,8,1.0,1.0,1,1.0,False,core,204,C:\Users\michaela.lelova\hodor\hodor_dp\scenarios\networks_core\bat8x_gas22.68_co2_80_cy2009_dur1x.nc,pending
bat8x_gas22.68_co2_80_cy2009_dur2x,2009,22.68,80.0,8,1.0,1.0,2,1.0,False,core,205,C:\Users\michaela.lelova\hodor\hodor_dp\scenarios\networks_core\bat8x_gas22.68_co2_80_cy2009_dur2x.nc,pending
bat8x_gas22.68_co2_80_cy2009_dur3x,2009,22.68,80.0,8,1.0,1.0,3,1.0,False,core,206,C:\Users\michaela.lelova\hodor\hodor_dp\scenarios\networks_core\bat8x_gas22.68_co2_80_cy2009_dur3x.nc,pending
bat8x_gas22.68_co2_80_cy2009_dur4x,2009,22.68,80.0,8,1.0,1.0,4,1.0,False,core,207,C:\Users\michaela.lelova\hodor\hodor_dp\scenarios\networks_core\bat8x_gas22.68_co2_80_cy2009_dur4x.nc,pending
bat1x_gas22.68_co2_113.4_cy2009_dur1x,2009,22.68,113.4,1,1.0,1.0,1,1.0,False,core,208,C:\Users\michaela.lelova\hodor\hodor_dp\scenarios\networks_core\bat1x_gas22.68_co2_113.4_cy2009_dur1x.nc,pending
bat1x_gas22.68_co2_113.4_cy2009_dur2x,2009,22.68,113.4,1,1.0,1.0,2,1.0,False,core,209,C:\Users\michaela.lelova\hodor\hodor_dp\scenarios\networks_core\bat1x_gas22.68_co2_113.4_cy2009_dur2x.nc,pending
bat1x_gas22.68_co2_113.4_cy2009_dur3x,2009,22.68,113.4,1,1.0,1.0,3,1.0,False,core,210,C:\Users\michaela.lelova\hodor\hodor_dp\scenarios\networks_core\bat1x_gas22.68_co2_113.4_cy2009_dur3x.nc,pending
bat1x_gas22.68_co2_113.4_cy2009_dur4x,2009,22.68,113.4,1,1.0,1.0,4,1.0,False,core,211,C:\Users\michaela.lelova\hodor\hodor_dp\scenarios\networks_core\bat1x_gas22.68_co2_113.4_cy2009_dur4x.nc,pending
bat2x_gas22.68_co2_113.4_cy2009_dur1x,2009,22.68,113.4,2,1.0,1.0,1,1.0,False,core,212,C:\Users\michaela.lelova\hodor\hodor_dp\scenarios\networks_core\bat2x_gas22.68_co2_113.4_cy2009_dur1x.nc,pending
bat2x_gas22.68_co2_113.4_cy2009_dur2x,2009,22.68,113.4,2,1.0,1.0,2,1.0,False,core,213,C:\Users\michaela.lelova\hodor\hodor_dp\scenarios\networks_core\bat2x_gas22.68_co2_113.4_cy2009_dur2x.nc,pending
bat2x_gas22.68_co2_113.4_cy2009_dur3x,2009,22.68,113.4,2,1.0,1.0,3,1.0,False,core,214,C:\Users\michaela.lelova\hodor\hodor_dp\scenarios\networks_core\bat2x_gas22.68_co2_113.4_cy2009_dur3x.nc,pending
bat2x_gas22.68_co2_113.4_cy2009_dur4x,2009,22.68,113.4,2,1.0,1.0,4,1.0,False,core,215,C:\Users\michaela.lelova\hodor\hodor_dp\scenarios\networks_core\bat2x_gas22.68_co2_113.4_cy2009_dur4x.nc,pending
bat4x_gas22.68_co2_113.4_cy2009_dur1x,2009,22.68,113.4,4,1.0,1.0,1,1.0,False,core,216,C:\Users\michaela.lelova\hodor\hodor_dp\scenarios\networks_core\bat4x_gas22.68_co2_113.4_cy2009_dur1x.nc,pending
bat4x_gas22.68_co2_113.4_cy2009_dur2x,2009,22.68,113.4,4,1.0,1.0,2,1.0,False,core,217,C:\Users\michaela.lelova\hodor\hodor_dp\scenarios\networks_core\bat4x_gas22.68_co2_113.4_cy2009_dur2x.nc,pending
bat4x_gas22.68_co2_113.4_cy2009_dur3x,2009,22.68,113.4,4,1.0,1.0,3,1.0,False,core,218,C:\Users\michaela.lelova\hodor\hodor_dp\scenarios\networks_core\bat4x_gas22.68_co2_113.4_cy2009_dur3x.nc,pending
bat4x_gas22.68_co2_113.4_cy2009_dur4x,2009,22.68,113.4,4,1.0,1.0,4,1.0,False,core,219,C:\Users\michaela.lelova\hodor\hodor_dp\scenarios\networks_core\bat4x_gas22.68_co2_113.4_cy2009_dur4x.nc,pending
bat8x_gas22.68_co2_113.4_cy2009_dur1x,2009,22.68,113.4,8,1.0,1.0,1,1.0,False,core,220,C:\Users\michaela.lelova\hodor\hodor_dp\scenarios\networks_core\bat8x_gas22.68_co2_113.4_cy2009_dur1x.nc,pending
bat8x_gas22.68_co2_113.4_cy2009_dur2x,2009,22.68,113.4,8,1.0,1.0,2,1.0,False,core,221,C:\Users\michaela.lelova\hodor\hodor_dp\scenarios\networks_core\bat8x_gas22.68_co2_113.4_cy2009_dur2x.nc,pending
bat8x_gas22.68_co2_113.4_cy2009_dur3x,2009,22.68,113.4,8,1.0,1.0,3,1.0,False,core,222,C:\Users\michaela.lelova\hodor\hodor_dp\scenarios\networks_core\bat8x_gas22.68_co2_113.4_cy2009_dur3x.nc,pending
bat8x_gas22.68_co2_113.4_cy2009_dur4x,2009,22.68,113.4,8,1.0,1.0,4,1.0,False,core,223,C:\Users\michaela.lelova\hodor\hodor_dp\scenarios\networks_core\bat8x_gas22.68_co2_113.4_cy2009_dur4x.nc,pending
bat1x_gas22.68_co2_140_cy2009_dur1x,2009,22.68,140.0,1,1.0,1.0,1,1.0,False,core,224,C:\Users\michaela.lelova\hodor\hodor_dp\scenarios\networks_core\bat1x_gas22.68_co2_140_cy2009_dur1x.nc,pending
bat1x_gas22.68_co2_140_cy2009_dur2x,2009,22.68,140.0,1,1.0,1.0,2,1.0,False,core,225,C:\Users\michaela.lelova\hodor\hodor_dp\scenarios\networks_core\bat1x_gas22.68_co2_140_cy2009_dur2x.nc,pending
bat1x_gas22.68_co2_140_cy2009_dur3x,2009,22.68,140.0,1,1.0,1.0,3,1.0,False,core,226,C:\Users\michaela.lelova\hodor\hodor_dp\scenarios\networks_core\bat1x_gas22.68_co2_140_cy2009_dur3x.nc,pending
bat1x_gas22.68_co2_140_cy2009_dur4x,2009,22.68,140.0,1,1.0,1.0,4,1.0,False,core,227,C:\Users\michaela.lelova\hodor\hodor_dp\scenarios\networks_core\bat1x_gas22.68_co2_140_cy2009_dur4x.nc,pending
bat2x_gas22.68_co2_140_cy2009_dur1x,2009,22.68,140.0,2,1.0,1.0,1,1.0,False,core,228,C:\Users\michaela.lelova\hodor\hodor_dp\scenarios\networks_core\bat2x_gas22.68_co2_140_cy2009_dur1x.nc,pending
bat2x_gas22.68_co2_140_cy2009_dur2x,2009,22.68,140.0,2,1.0,1.0,2,1.0,False,core,229,C:\Users\michaela.lelova\hodor\hodor_dp\scenarios\networks_core\bat2x_gas22.68_co2_140_cy2009_dur2x.nc,pending
bat2x_gas22.68_co2_140_cy2009_dur3x,2009,22.68,140.0,2,1.0,1.0,3,1.0,False,core,230,C:\Users\michaela.lelova\hodor\hodor_dp\scenarios\networks_core\bat2x_gas22.68_co2_140_cy2009_dur3x.nc,pending
bat2x_gas22.68_co2_140_cy2009_dur4x,2009,22.68,140.0,2,1.0,1.0,4,1.0,False,core,231,C:\Users\michaela.lelova\hodor\hodor_dp\scenarios\networks_core\bat2x_gas22.68_co2_140_cy2009_dur4x.nc,pending
bat4x_gas22.68_co2_140_cy2009_dur1x,2009,22.68,140.0,4,1.0,1.0,1,1.0,False,core,232,C:\Users\michaela.lelova\hodor\hodor_dp\scenarios\networks_core\bat4x_gas22.68_co2_140_cy2009_dur1x.nc,pending
bat4x_gas22.68_co2_140_cy2009_dur2x,2009,22.68,140.0,4,1.0,1.0,2,1.0,False,core,233,C:\Users\michaela.lelova\hodor\hodor_dp\scenarios\networks_core\bat4x_gas22.68_co2_140_cy2009_dur2x.nc,pending
bat4x_gas22.68_co2_140_cy2009_dur3x,2009,22.68,140.0,4,1.0,1.0,3,1.0,False,core,234,C:\Users\michaela.lelova\hodor\hodor_dp\scenarios\networks_core\bat4x_gas22.68_co2_140_cy2009_dur3x.nc,pending
bat4x_gas22.68_co2_140_cy2009_dur4x,2009,22.68,140.0,4,1.0,1.0,4,1.0,False,core,235,C:\Users\michaela.lelova\hodor\hodor_dp\scenarios\networks_core\bat4x_gas22.68_co2_140_cy2009_dur4x.nc,pending
bat8x_gas22.68_co2_140_cy2009_dur1x,2009,22.68,140.0,8,1.0,1.0,1,1.0,False,core,236,C:\Users\michaela.lelova\hodor\hodor_dp\scenarios\networks_core\bat8x_gas22.68_co2_140_cy2009_dur1x.nc,pending
bat8x_gas22.68_co2_140_cy2009_dur2x,2009,22.68,140.0,8,1.0,1.0,2,1.0,False,core,237,C:\Users\michaela.lelova\hodor\hodor_dp\scenarios\networks_core\bat8x_gas22.68_co2_140_cy2009_dur2x.nc,pending
bat8x_gas22.68_co2_140_cy2009_dur3x,2009,22.68,140.0,8,1.0,1.0,3,1.0,False,core,238,C:\Users\michaela.lelova\hodor\hodor_dp\scenarios\networks_core\bat8x_gas22.68_co2_140_cy2009_dur3x.nc,pending
bat8x_gas22.68_co2_140_cy2009_dur4x,2009,22.68,140.0,8,1.0,1.0,4,1.0,False,core,239,C:\Users\michaela.lelova\hodor\hodor_dp\scenarios\networks_core\bat8x_gas22.68_co2_140_cy2009_dur4x.nc,pending
bat1x_gas35_co2_80_cy2009_dur1x,2009,35.0,80.0,1,1.0,1.0,1,1.0,False,core,240,C:\Users\michaela.lelova\hodor\hodor_dp\scenarios\networks_core\bat1x_gas35_co2_80_cy2009_dur1x.nc,pending
bat1x_gas35_co2_80_cy2009_dur2x,2009,35.0,80.0,1,1.0,1.0,2,1.0,False,core,241,C:\Users\michaela.lelova\hodor\hodor_dp\scenarios\networks_core\bat1x_gas35_co2_80_cy2009_dur2x.nc,pending
bat1x_gas35_co2_80_cy2009_dur3x,2009,35.0,80.0,1,1.0,1.0,3,1.0,False,core,242,C:\Users\michaela.lelova\hodor\hodor_dp\scenarios\networks_core\bat1x_gas35_co2_80_cy2009_dur3x.nc,pending
bat1x_gas35_co2_80_cy2009_dur4x,2009,35.0,80.0,1,1.0,1.0,4,1.0,False,core,243,C:\Users\michaela.lelova\hodor\hodor_dp\scenarios\networks_core\bat1x_gas35_co2_80_cy2009_dur4x.nc,pending
bat2x_gas35_co2_80_cy2009_dur1x,2009,35.0,80.0,2,1.0,1.0,1,1.0,False,core,244,C:\Users\michaela.lelova\hodor\hodor_dp\scenarios\networks_core\bat2x_gas35_co2_80_cy2009_dur1x.nc,pending
bat2x_gas35_co2_80_cy2009_dur2x,2009,35.0,80.0,2,1.0,1.0,2,1.0,False,core,245,C:\Users\michaela.lelova\hodor\hodor_dp\scenarios\networks_core\bat2x_gas35_co2_80_cy2009_dur2x.nc,pending
bat2x_gas35_co2_80_cy2009_dur3x,2009,35.0,80.0,2,1.0,1.0,3,1.0,False,core,246,C:\Users\michaela.lelova\hodor\hodor_dp\scenarios\networks_core\bat2x_gas35_co2_80_cy2009_dur3x.nc,pending
bat2x_gas35_co2_80_cy2009_dur4x,2009,35.0,80.0,2,1.0,1.0,4,1.0,False,core,247,C:\Users\michaela.lelova\hodor\hodor_dp\scenarios\networks_core\bat2x_gas35_co2_80_cy2009_dur4x.nc,pending
bat4x_gas35_co2_80_cy2009_dur1x,2009,35.0,80.0,4,1.0,1.0,1,1.0,False,core,248,C:\Users\michaela.lelova\hodor\hodor_dp\scenarios\networks_core\bat4x_gas35_co2_80_cy2009_dur1x.nc,pending
bat4x_gas35_co2_80_cy2009_dur2x,2009,35.0,80.0,4,1.0,1.0,2,1.0,False,core,249,C:\Users\michaela.lelova\hodor\hodor_dp\scenarios\networks_core\bat4x_gas35_co2_80_cy2009_dur2x.nc,pending
bat4x_gas35_co2_80_cy2009_dur3x,2009,35.0,80.0,4,1.0,1.0,3,1.0,False,core,250,C:\Users\michaela.lelova\hodor\hodor_dp\scenarios\networks_core\bat4x_gas35_co2_80_cy2009_dur3x.nc,pending
bat4x_gas35_co2_80_cy2009_dur4x,2009,35.0,80.0,4,1.0,1.0,4,1.0,False,core,251,C:\Users\michaela.lelova\hodor\hodor_dp\scenarios\networks_core\bat4x_gas35_co2_80_cy2009_dur4x.nc,pending
bat8x_gas35_co2_80_cy2009_dur1x,2009,35.0,80.0,8,1.0,1.0,1,1.0,False,core,252,C:\Users\michaela.lelova\hodor\hodor_dp\scenarios\networks_core\bat8x_gas35_co2_80_cy2009_dur1x.nc,pending
bat8x_gas35_co2_80_cy2009_dur2x,2009,35.0,80.0,8,1.0,1.0,2,1.0,False,core,253,C:\Users\michaela.lelova\hodor\hodor_dp\scenarios\networks_core\bat8x_gas35_co2_80_cy2009_dur2x.nc,pending
bat8x_gas35_co2_80_cy2009_dur3x,2009,35.0,80.0,8,1.0,1.0,3,1.0,False,core,254,C:\Users\michaela.lelova\hodor\hodor_dp\scenarios\networks_core\bat8x_gas35_co2_80_cy2009_dur3x.nc,pending
bat8x_gas35_co2_80_cy2009_dur4x,2009,35.0,80.0,8,1.0,1.0,4,1.0,False,core,255,C:\Users\michaela.lelova\hodor\hodor_dp\scenarios\networks_core\bat8x_gas35_co2_80_cy2009_dur4x.nc,pending
bat1x_gas35_co2_113.4_cy2009_dur1x,2009,35.0,113.4,1,1.0,1.0,1,1.0,False,core,256,C:\Users\michaela.lelova\hodor\hodor_dp\scenarios\networks_core\bat1x_gas35_co2_113.4_cy2009_dur1x.nc,pending
bat1x_gas35_co2_113.4_cy2009_dur2x,2009,35.0,113.4,1,1.0,1.0,2,1.0,False,core,257,C:\Users\michaela.lelova\hodor\hodor_dp\scenarios\networks_core\bat1x_gas35_co2_113.4_cy2009_dur2x.nc,pending
bat1x_gas35_co2_113.4_cy2009_dur3x,2009,35.0,113.4,1,1.0,1.0,3,1.0,False,core,258,C:\Users\michaela.lelova\hodor\hodor_dp\scenarios\networks_core\bat1x_gas35_co2_113.4_cy2009_dur3x.nc,pending
bat1x_gas35_co2_113.4_cy2009_dur4x,2009,35.0,113.4,1,1.0,1.0,4,1.0,False,core,259,C:\Users\michaela.lelova\hodor\hodor_dp\scenarios\networks_core\bat1x_gas35_co2_113.4_cy2009_dur4x.nc,pending
bat2x_gas35_co2_113.4_cy2009_dur1x,2009,35.0,113.4,2,1.0,1.0,1,1.0,False,core,260,C:\Users\michaela.lelova\hodor\hodor_dp\scenarios\networks_core\bat2x_gas35_co2_113.4_cy2009_dur1x.nc,pending
bat2x_gas35_co2_113.4_cy2009_dur2x,2009,35.0,113.4,2,1.0,1.0,2,1.0,False,core,261,C:\Users\michaela.lelova\hodor\hodor_dp\scenarios\networks_core\bat2x_gas35_co2_113.4_cy2009_dur2x.nc,pending
bat2x_gas35_co2_113.4_cy2009_dur3x,2009,35.0,113.4,2,1.0,1.0,3,1.0,False,core,262,C:\Users\michaela.lelova\hodor\hodor_dp\scenarios\networks_core\bat2x_gas35_co2_113.4_cy2009_dur3x.nc,pending
bat2x_gas35_co2_113.4_cy2009_dur4x,2009,35.0,113.4,2,1.0,1.0,4,1.0,False,core,263,C:\Users\michaela.lelova\hodor\hodor_dp\scenarios\networks_core\bat2x_gas35_co2_113.4_cy2009_dur4x.nc,pending
bat4x_gas35_co2_113.4_cy2009_dur1x,2009,35.0,113.4,4,1.0,1.0,1,1.0,False,core,264,C:\Users\michaela.lelova\hodor\hodor_dp\scenarios\networks_core\bat4x_gas35_co2_113.4_cy2009_dur1x.nc,pending
bat4x_gas35_co2_113.4_cy2009_dur2x,2009,35.0,113.4,4,1.0,1.0,2,1.0,False,core,265,C:\Users\michaela.lelova\hodor\hodor_dp\scenarios\networks_core\bat4x_gas35_co2_113.4_cy2009_dur2x.nc,pending
bat4x_gas35_co2_113.4_cy2009_dur3x,2009,35.0,113.4,4,1.0,1.0,3,1.0,False,core,266,C:\Users\michaela.lelova\hodor\hodor_dp\scenarios\networks_core\bat4x_gas35_co2_113.4_cy2009_dur3x.nc,pending
bat4x_gas35_co2_113.4_cy2009_dur4x,2009,35.0,113.4,4,1.0,1.0,4,1.0,False,core,267,C:\Users\michaela.lelova\hodor\hodor_dp\scenarios\networks_core\bat4x_gas35_co2_113.4_cy2009_dur4x.nc,pending
bat8x_gas35_co2_113.4_cy2009_dur1x,2009,35.0,113.4,8,1.0,1.0,1,1.0,False,core,268,C:\Users\michaela.lelova\hodor\hodor_dp\scenarios\networks_core\bat8x_gas35_co2_113.4_cy2009_dur1x.nc,pending
bat8x_gas35_co2_113.4_cy2009_dur2x,2009,35.0,113.4,8,1.0,1.0,2,1.0,False,core,269,C:\Users\michaela.lelova\hodor\hodor_dp\scenarios\networks_core\bat8x_gas35_co2_113.4_cy2009_dur2x.nc,pending
bat8x_gas35_co2_113.4_cy2009_dur3x,2009,35.0,113.4,8,1.0,1.0,3,1.0,False,core,270,C:\Users\michaela.lelova\hodor\hodor_dp\scenarios\networks_core\bat8x_gas35_co2_113.4_cy2009_dur3x.nc,pending
bat8x_gas35_co2_113.4_cy2009_dur4x,2009,35.0,113.4,8,1.0,1.0,4,1.0,False,core,271,C:\Users\michaela.lelova\hodor\hodor_dp\scenarios\networks_core\bat8x_gas35_co2_113.4_cy2009_dur4x.nc,pending
bat1x_gas35_co2_140_cy2009_dur1x,2009,35.0,140.0,1,1.0,1.0,1,1.0,False,core,272,C:\Users\michaela.lelova\hodor\hodor_dp\scenarios\networks_core\bat1x_gas35_co2_140_cy2009_dur1x.nc,pending
bat1x_gas35_co2_140_cy2009_dur2x,2009,35.0,140.0,1,1.0,1.0,2,1.0,False,core,273,C:\Users\michaela.lelova\hodor\hodor_dp\scenarios\networks_core\bat1x_gas35_co2_140_cy2009_dur2x.nc,pending
bat1x_gas35_co2_140_cy2009_dur3x,2009,35.0,140.0,1,1.0,1.0,3,1.0,False,core,274,C:\Users\michaela.lelova\hodor\hodor_dp\scenarios\networks_core\bat1x_gas35_co2_140_cy2009_dur3x.nc,pending
bat1x_gas35_co2_140_cy2009_dur4x,2009,35.0,140.0,1,1.0,1.0,4,1.0,False,core,275,C:\Users\michaela.lelova\hodor\hodor_dp\scenarios\networks_core\bat1x_gas35_co2_140_cy2009_dur4x.nc,pending
bat2x_gas35_co2_140_cy2009_dur1x,2009,35.0,140.0,2,1.0,1.0,1,1.0,False,core,276,C:\Users\michaela.lelova\hodor\hodor_dp\scenarios\networks_core\bat2x_gas35_co2_140_cy2009_dur1x.nc,pending
bat2x_gas35_co2_140_cy2009_dur2x,2009,35.0,140.0,2,1.0,1.0,2,1.0,False,core,277,C:\Users\michaela.lelova\hodor\hodor_dp\scenarios\networks_core\bat2x_gas35_co2_140_cy2009_dur2x.nc,pending
bat2x_gas35_co2_140_cy2009_dur3x,2009,35.0,140.0,2,1.0,1.0,3,1.0,False,core,278,C:\Users\michaela.lelova\hodor\hodor_dp\scenarios\networks_core\bat2x_gas35_co2_140_cy2009_dur3x.nc,pending
bat2x_gas35_co2_140_cy2009_dur4x,2009,35.0,140.0,2,1.0,1.0,4,1.0,False,core,279,C:\Users\michaela.lelova\hodor\hodor_dp\scenarios\networks_core\bat2x_gas35_co2_140_cy2009_dur4x.nc,pending
bat4x_gas35_co2_140_cy2009_dur1x,2009,35.0,140.0,4,1.0,1.0,1,1.0,False,core,280,C:\Users\michaela.lelova\hodor\hodor_dp\scenarios\networks_core\bat4x_gas35_co2_140_cy2009_dur1x.nc,pending
bat4x_gas35_co2_140_cy2009_dur2x,2009,35.0,140.0,4,1.0,1.0,2,1.0,False,core,281,C:\Users\michaela.lelova\hodor\hodor_dp\scenarios\networks_core\bat4x_gas35_co2_140_cy2009_dur2x.nc,pending
bat4x_gas35_co2_140_cy2009_dur3x,2009,35.0,140.0,4,1.0,1.0,3,1.0,False,core,282,C:\Users\michaela.lelova\hodor\hodor_dp\scenarios\networks_core\bat4x_gas35_co2_140_cy2009_dur3x.nc,pending
bat4x_gas35_co2_140_cy2009_dur4x,2009,35.0,140.0,4,1.0,1.0,4,1.0,False,core,283,C:\Users\michaela.lelova\hodor\hodor_dp\scenarios\networks_core\bat4x_gas35_co2_140_cy2009_dur4x.nc,pending
bat8x_gas35_co2_140_cy2009_dur1x,2009,35.0,140.0,8,1.0,1.0,1,1.0,False,core,284,C:\Users\michaela.lelova\hodor\hodor_dp\scenarios\networks_core\bat8x_gas35_co2_140_cy2009_dur1x.nc,pending
bat8x_gas35_co2_140_cy2009_dur2x,2009,35.0,140.0,8,1.0,1.0,2,1.0,False,core,285,C:\Users\michaela.lelova\hodor\hodor_dp\scenarios\networks_core\bat8x_gas35_co2_140_cy2009_dur2x.nc,pending
bat8x_gas35_co2_140_cy2009_dur3x,2009,35.0,140.0,8,1.0,1.0,3,1.0,False,core,286,C:\Users\michaela.lelova\hodor\hodor_dp\scenarios\networks_core\bat8x_gas35_co2_140_cy2009_dur3x.nc,pending
bat8x_gas35_co2_140_cy2009_dur4x,2009,35.0,140.0,8,1.0,1.0,4,1.0,False,core,287,C:\Users\michaela.lelova\hodor\hodor_dp\scenarios\networks_core\bat8x_gas35_co2_140_cy2009_dur4x.nc,pending
bat1x_gas18_co2_80_cy2012_dur1x,2012,18.0,80.0,1,1.0,1.0,1,1.0,False,core,288,C:\Users\michaela.lelova\hodor\hodor_dp\scenarios\networks_core\bat1x_gas18_co2_80_cy2012_dur1x.nc,pending
bat1x_gas18_co2_80_cy2012_dur2x,2012,18.0,80.0,1,1.0,1.0,2,1.0,False,core,289,C:\Users\michaela.lelova\hodor\hodor_dp\scenarios\networks_core\bat1x_gas18_co2_80_cy2012_dur2x.nc,pending
bat1x_gas18_co2_80_cy2012_dur3x,2012,18.0,80.0,1,1.0,1.0,3,1.0,False,core,290,C:\Users\michaela.lelova\hodor\hodor_dp\scenarios\networks_core\bat1x_gas18_co2_80_cy2012_dur3x.nc,pending
bat1x_gas18_co2_80_cy2012_dur4x,2012,18.0,80.0,1,1.0,1.0,4,1.0,False,core,291,C:\Users\michaela.lelova\hodor\hodor_dp\scenarios\networks_core\bat1x_gas18_co2_80_cy2012_dur4x.nc,pending
bat2x_gas18_co2_80_cy2012_dur1x,2012,18.0,80.0,2,1.0,1.0,1,1.0,False,core,292,C:\Users\michaela.lelova\hodor\hodor_dp\scenarios\networks_core\bat2x_gas18_co2_80_cy2012_dur1x.nc,pending
bat2x_gas18_co2_80_cy2012_dur2x,2012,18.0,80.0,2,1.0,1.0,2,1.0,False,core,293,C:\Users\michaela.lelova\hodor\hodor_dp\scenarios\networks_core\bat2x_gas18_co2_80_cy2012_dur2x.nc,pending
bat2x_gas18_co2_80_cy2012_dur3x,2012,18.0,80.0,2,1.0,1.0,3,1.0,False,core,294,C:\Users\michaela.lelova\hodor\hodor_dp\scenarios\networks_core\bat2x_gas18_co2_80_cy2012_dur3x.nc,pending
bat2x_gas18_co2_80_cy2012_dur4x,2012,18.0,80.0,2,1.0,1.0,4,1.0,False,core,295,C:\Users\michaela.lelova\hodor\hodor_dp\scenarios\networks_core\bat2x_gas18_co2_80_cy2012_dur4x.nc,pending
bat4x_gas18_co2_80_cy2012_dur1x,2012,18.0,80.0,4,1.0,1.0,1,1.0,False,core,296,C:\Users\michaela.lelova\hodor\hodor_dp\scenarios\networks_core\bat4x_gas18_co2_80_cy2012_dur1x.nc,pending
bat4x_gas18_co2_80_cy2012_dur2x,2012,18.0,80.0,4,1.0,1.0,2,1.0,False,core,297,C:\Users\michaela.lelova\hodor\hodor_dp\scenarios\networks_core\bat4x_gas18_co2_80_cy2012_dur2x.nc,pending
bat4x_gas18_co2_80_cy2012_dur3x,2012,18.0,80.0,4,1.0,1.0,3,1.0,False,core,298,C:\Users\michaela.lelova\hodor\hodor_dp\scenarios\networks_core\bat4x_gas18_co2_80_cy2012_dur3x.nc,pending
bat4x_gas18_co2_80_cy2012_dur4x,2012,18.0,80.0,4,1.0,1.0,4,1.0,False,core,299,C:\Users\michaela.lelova\hodor\hodor_dp\scenarios\networks_core\bat4x_gas18_co2_80_cy2012_dur4x.nc,pending
bat8x_gas18_co2_80_cy2012_dur1x,2012,18.0,80.0,8,1.0,1.0,1,1.0,False,core,300,C:\Users\michaela.lelova\hodor\hodor_dp\scenarios\networks_core\bat8x_gas18_co2_80_cy2012_dur1x.nc,pending
bat8x_gas18_co2_80_cy2012_dur2x,2012,18.0,80.0,8,1.0,1.0,2,1.0,False,core,301,C:\Users\michaela.lelova\hodor\hodor_dp\scenarios\networks_core\bat8x_gas18_co2_80_cy2012_dur2x.nc,pending
bat8x_gas18_co2_80_cy2012_dur3x,2012,18.0,80.0,8,1.0,1.0,3,1.0,False,core,302,C:\Users\michaela.lelova\hodor\hodor_dp\scenarios\networks_core\bat8x_gas18_co2_80_cy2012_dur3x.nc,pending
bat8x_gas18_co2_80_cy2012_dur4x,2012,18.0,80.0,8,1.0,1.0,4,1.0,False,core,303,C:\Users\michaela.lelova\hodor\hodor_dp\scenarios\networks_core\bat8x_gas18_co2_80_cy2012_dur4x.nc,pending
bat1x_gas18_co2_113.4_cy2012_dur1x,2012,18.0,113.4,1,1.0,1.0,1,1.0,False,core,304,C:\Users\michaela.lelova\hodor\hodor_dp\scenarios\networks_core\bat1x_gas18_co2_113.4_cy2012_dur1x.nc,pending
bat1x_gas18_co2_113.4_cy2012_dur2x,2012,18.0,113.4,1,1.0,1.0,2,1.0,False,core,305,C:\Users\michaela.lelova\hodor\hodor_dp\scenarios\networks_core\bat1x_gas18_co2_113.4_cy2012_dur2x.nc,pending
bat1x_gas18_co2_113.4_cy2012_dur3x,2012,18.0,113.4,1,1.0,1.0,3,1.0,False,core,306,C:\Users\michaela.lelova\hodor\hodor_dp\scenarios\networks_core\bat1x_gas18_co2_113.4_cy2012_dur3x.nc,pending
bat1x_gas18_co2_113.4_cy2012_dur4x,2012,18.0,113.4,1,1.0,1.0,4,1.0,False,core,307,C:\Users\michaela.lelova\hodor\hodor_dp\scenarios\networks_core\bat1x_gas18_co2_113.4_cy2012_dur4x.nc,pending
bat2x_gas18_co2_113.4_cy2012_dur1x,2012,18.0,113.4,2,1.0,1.0,1,1.0,False,core,308,C:\Users\michaela.lelova\hodor\hodor_dp\scenarios\networks_core\bat2x_gas18_co2_113.4_cy2012_dur1x.nc,pending
bat2x_gas18_co2_113.4_cy2012_dur2x,2012,18.0,113.4,2,1.0,1.0,2,1.0,False,core,309,C:\Users\michaela.lelova\hodor\hodor_dp\scenarios\networks_core\bat2x_gas18_co2_113.4_cy2012_dur2x.nc,pending
bat2x_gas18_co2_113.4_cy2012_dur3x,2012,18.0,113.4,2,1.0,1.0,3,1.0,False,core,310,C:\Users\michaela.lelova\hodor\hodor_dp\scenarios\networks_core\bat2x_gas18_co2_113.4_cy2012_dur3x.nc,pending
bat2x_gas18_co2_113.4_cy2012_dur4x,2012,18.0,113.4,2,1.0,1.0,4,1.0,False,core,311,C:\Users\michaela.lelova\hodor\hodor_dp\scenarios\networks_core\bat2x_gas18_co2_113.4_cy2012_dur4x.nc,pending
bat4x_gas18_co2_113.4_cy2012_dur1x,2012,18.0,113.4,4,1.0,1.0,1,1.0,False,core,312,C:\Users\michaela.lelova\hodor\hodor_dp\scenarios\networks_core\bat4x_gas18_co2_113.4_cy2012_dur1x.nc,pending
bat4x_gas18_co2_113.4_cy2012_dur2x,2012,18.0,113.4,4,1.0,1.0,2,1.0,False,core,313,C:\Users\michaela.lelova\hodor\hodor_dp\scenarios\networks_core\bat4x_gas18_co2_113.4_cy2012_dur2x.nc,pending
bat4x_gas18_co2_113.4_cy2012_dur3x,2012,18.0,113.4,4,1.0,1.0,3,1.0,False,core,314,C:\Users\michaela.lelova\hodor\hodor_dp\scenarios\networks_core\bat4x_gas18_co2_113.4_cy2012_dur3x.nc,pending
bat4x_gas18_co2_113.4_cy2012_dur4x,2012,18.0,113.4,4,1.0,1.0,4,1.0,False,core,315,C:\Users\michaela.lelova\hodor\hodor_dp\scenarios\networks_core\bat4x_gas18_co2_113.4_cy2012_dur4x.nc,pending
bat8x_gas18_co2_113.4_cy2012_dur1x,2012,18.0,113.4,8,1.0,1.0,1,1.0,False,core,316,C:\Users\michaela.lelova\hodor\hodor_dp\scenarios\networks_core\bat8x_gas18_co2_113.4_cy2012_dur1x.nc,pending
bat8x_gas18_co2_113.4_cy2012_dur2x,2012,18.0,113.4,8,1.0,1.0,2,1.0,False,core,317,C:\Users\michaela.lelova\hodor\hodor_dp\scenarios\networks_core\bat8x_gas18_co2_113.4_cy2012_dur2x.nc,pending
bat8x_gas18_co2_113.4_cy2012_dur3x,2012,18.0,113.4,8,1.0,1.0,3,1.0,False,core,318,C:\Users\michaela.lelova\hodor\hodor_dp\scenarios\networks_core\bat8x_gas18_co2_113.4_cy2012_dur3x.nc,pending
bat8x_gas18_co2_113.4_cy2012_dur4x,2012,18.0,113.4,8,1.0,1.0,4,1.0,False,core,319,C:\Users\michaela.lelova\hodor\hodor_dp\scenarios\networks_core\bat8x_gas18_co2_113.4_cy2012_dur4x.nc,pending
bat1x_gas18_co2_140_cy2012_dur1x,2012,18.0,140.0,1,1.0,1.0,1,1.0,False,core,320,C:\Users\michaela.lelova\hodor\hodor_dp\scenarios\networks_core\bat1x_gas18_co2_140_cy2012_dur1x.nc,pending
bat1x_gas18_co2_140_cy2012_dur2x,2012,18.0,140.0,1,1.0,1.0,2,1.0,False,core,321,C:\Users\michaela.lelova\hodor\hodor_dp\scenarios\networks_core\bat1x_gas18_co2_140_cy2012_dur2x.nc,pending
bat1x_gas18_co2_140_cy2012_dur3x,2012,18.0,140.0,1,1.0,1.0,3,1.0,False,core,322,C:\Users\michaela.lelova\hodor\hodor_dp\scenarios\networks_core\bat1x_gas18_co2_140_cy2012_dur3x.nc,pending
bat1x_gas18_co2_140_cy2012_dur4x,2012,18.0,140.0,1,1.0,1.0,4,1.0,False,core,323,C:\Users\michaela.lelova\hodor\hodor_dp\scenarios\networks_core\bat1x_gas18_co2_140_cy2012_dur4x.nc,pending
bat2x_gas18_co2_140_cy2012_dur1x,2012,18.0,140.0,2,1.0,1.0,1,1.0,False,core,324,C:\Users\michaela.lelova\hodor\hodor_dp\scenarios\networks_core\bat2x_gas18_co2_140_cy2012_dur1x.nc,pending
bat2x_gas18_co2_140_cy2012_dur2x,2012,18.0,140.0,2,1.0,1.0,2,1.0,False,core,325,C:\Users\michaela.lelova\hodor\hodor_dp\scenarios\networks_core\bat2x_gas18_co2_140_cy2012_dur2x.nc,pending
bat2x_gas18_co2_140_cy2012_dur3x,2012,18.0,140.0,2,1.0,1.0,3,1.0,False,core,326,C:\Users\michaela.lelova\hodor\hodor_dp\scenarios\networks_core\bat2x_gas18_co2_140_cy2012_dur3x.nc,pending
bat2x_gas18_co2_140_cy2012_dur4x,2012,18.0,140.0,2,1.0,1.0,4,1.0,False,core,327,C:\Users\michaela.lelova\hodor\hodor_dp\scenarios\networks_core\bat2x_gas18_co2_140_cy2012_dur4x.nc,pending
bat4x_gas18_co2_140_cy2012_dur1x,2012,18.0,140.0,4,1.0,1.0,1,1.0,False,core,328,C:\Users\michaela.lelova\hodor\hodor_dp\scenarios\networks_core\bat4x_gas18_co2_140_cy2012_dur1x.nc,pending
bat4x_gas18_co2_140_cy2012_dur2x,2012,18.0,140.0,4,1.0,1.0,2,1.0,False,core,329,C:\Users\michaela.lelova\hodor\hodor_dp\scenarios\networks_core\bat4x_gas18_co2_140_cy2012_dur2x.nc,pending
bat4x_gas18_co2_140_cy2012_dur3x,2012,18.0,140.0,4,1.0,1.0,3,1.0,False,core,330,C:\Users\michaela.lelova\hodor\hodor_dp\scenarios\networks_core\bat4x_gas18_co2_140_cy2012_dur3x.nc,pending
bat4x_gas18_co2_140_cy2012_dur4x,2012,18.0,140.0,4,1.0,1.0,4,1.0,False,core,331,C:\Users\michaela.lelova\hodor\hodor_dp\scenarios\networks_core\bat4x_gas18_co2_140_cy2012_dur4x.nc,pending
bat8x_gas18_co2_140_cy2012_dur1x,2012,18.0,140.0,8,1.0,1.0,1,1.0,False,core,332,C:\Users\michaela.lelova\hodor\hodor_dp\scenarios\networks_core\bat8x_gas18_co2_140_cy2012_dur1x.nc,pending
bat8x_gas18_co2_140_cy2012_dur2x,2012,18.0,140.0,8,1.0,1.0,2,1.0,False,core,333,C:\Users\michaela.lelova\hodor\hodor_dp\scenarios\networks_core\bat8x_gas18_co2_140_cy2012_dur2x.nc,pending
bat8x_gas18_co2_140_cy2012_dur3x,2012,18.0,140.0,8,1.0,1.0,3,1.0,False,core,334,C:\Users\michaela.lelova\hodor\hodor_dp\scenarios\networks_core\bat8x_gas18_co2_140_cy2012_dur3x.nc,pending
bat8x_gas18_co2_140_cy2012_dur4x,2012,18.0,140.0,8,1.0,1.0,4,1.0,False,core,335,C:\Users\michaela.lelova\hodor\hodor_dp\scenarios\networks_core\bat8x_gas18_co2_140_cy2012_dur4x.nc,pending
bat1x_gas22.68_co2_80_cy2012_dur1x,2012,22.68,80.0,1,1.0,1.0,1,1.0,False,core,336,C:\Users\michaela.lelova\hodor\hodor_dp\scenarios\networks_core\bat1x_gas22.68_co2_80_cy2012_dur1x.nc,pending
bat1x_gas22.68_co2_80_cy2012_dur2x,2012,22.68,80.0,1,1.0,1.0,2,1.0,False,core,337,C:\Users\michaela.lelova\hodor\hodor_dp\scenarios\networks_core\bat1x_gas22.68_co2_80_cy2012_dur2x.nc,pending
bat1x_gas22.68_co2_80_cy2012_dur3x,2012,22.68,80.0,1,1.0,1.0,3,1.0,False,core,338,C:\Users\michaela.lelova\hodor\hodor_dp\scenarios\networks_core\bat1x_gas22.68_co2_80_cy2012_dur3x.nc,pending
bat1x_gas22.68_co2_80_cy2012_dur4x,2012,22.68,80.0,1,1.0,1.0,4,1.0,False,core,339,C:\Users\michaela.lelova\hodor\hodor_dp\scenarios\networks_core\bat1x_gas22.68_co2_80_cy2012_dur4x.nc,pending
bat2x_gas22.68_co2_80_cy2012_dur1x,2012,22.68,80.0,2,1.0,1.0,1,1.0,False,core,340,C:\Users\michaela.lelova\hodor\hodor_dp\scenarios\networks_core\bat2x_gas22.68_co2_80_cy2012_dur1x.nc,pending
bat2x_gas22.68_co2_80_cy2012_dur2x,2012,22.68,80.0,2,1.0,1.0,2,1.0,False,core,341,C:\Users\michaela.lelova\hodor\hodor_dp\scenarios\networks_core\bat2x_gas22.68_co2_80_cy2012_dur2x.nc,pending
bat2x_gas22.68_co2_80_cy2012_dur3x,2012,22.68,80.0,2,1.0,1.0,3,1.0,False,core,342,C:\Users\michaela.lelova\hodor\hodor_dp\scenarios\networks_core\bat2x_gas22.68_co2_80_cy2012_dur3x.nc,pending
bat2x_gas22.68_co2_80_cy2012_dur4x,2012,22.68,80.0,2,1.0,1.0,4,1.0,False,core,343,C:\Users\michaela.lelova\hodor\hodor_dp\scenarios\networks_core\bat2x_gas22.68_co2_80_cy2012_dur4x.nc,pending
bat4x_gas22.68_co2_80_cy2012_dur1x,2012,22.68,80.0,4,1.0,1.0,1,1.0,False,core,344,C:\Users\michaela.lelova\hodor\hodor_dp\scenarios\networks_core\bat4x_gas22.68_co2_80_cy2012_dur1x.nc,pending
bat4x_gas22.68_co2_80_cy2012_dur2x,2012,22.68,80.0,4,1.0,1.0,2,1.0,False,core,345,C:\Users\michaela.lelova\hodor\hodor_dp\scenarios\networks_core\bat4x_gas22.68_co2_80_cy2012_dur2x.nc,pending
bat4x_gas22.68_co2_80_cy2012_dur3x,2012,22.68,80.0,4,1.0,1.0,3,1.0,False,core,346,C:\Users\michaela.lelova\hodor\hodor_dp\scenarios\networks_core\bat4x_gas22.68_co2_80_cy2012_dur3x.nc,pending
bat4x_gas22.68_co2_80_cy2012_dur4x,2012,22.68,80.0,4,1.0,1.0,4,1.0,False,core,347,C:\Users\michaela.lelova\hodor\hodor_dp\scenarios\networks_core\bat4x_gas22.68_co2_80_cy2012_dur4x.nc,pending
bat8x_gas22.68_co2_80_cy2012_dur1x,2012,22.68,80.0,8,1.0,1.0,1,1.0,False,core,348,C:\Users\michaela.lelova\hodor\hodor_dp\scenarios\networks_core\bat8x_gas22.68_co2_80_cy2012_dur1x.nc,pending
bat8x_gas22.68_co2_80_cy2012_dur2x,2012,22.68,80.0,8,1.0,1.0,2,1.0,False,core,349,C:\Users\michaela.lelova\hodor\hodor_dp\scenarios\networks_core\bat8x_gas22.68_co2_80_cy2012_dur2x.nc,pending
bat8x_gas22.68_co2_80_cy2012_dur3x,2012,22.68,80.0,8,1.0,1.0,3,1.0,False,core,350,C:\Users\michaela.lelova\hodor\hodor_dp\scenarios\networks_core\bat8x_gas22.68_co2_80_cy2012_dur3x.nc,pending
bat8x_gas22.68_co2_80_cy2012_dur4x,2012,22.68,80.0,8,1.0,1.0,4,1.0,False,core,351,C:\Users\michaela.lelova\hodor\hodor_dp\scenarios\networks_core\bat8x_gas22.68_co2_80_cy2012_dur4x.nc,pending
bat1x_gas22.68_co2_113.4_cy2012_dur1x,2012,22.68,113.4,1,1.0,1.0,1,1.0,False,core,352,C:\Users\michaela.lelova\hodor\hodor_dp\scenarios\networks_core\bat1x_gas22.68_co2_113.4_cy2012_dur1x.nc,pending
bat1x_gas22.68_co2_113.4_cy2012_dur2x,2012,22.68,113.4,1,1.0,1.0,2,1.0,False,core,353,C:\Users\michaela.lelova\hodor\hodor_dp\scenarios\networks_core\bat1x_gas22.68_co2_113.4_cy2012_dur2x.nc,pending
bat1x_gas22.68_co2_113.4_cy2012_dur3x,2012,22.68,113.4,1,1.0,1.0,3,1.0,False,core,354,C:\Users\michaela.lelova\hodor\hodor_dp\scenarios\networks_core\bat1x_gas22.68_co2_113.4_cy2012_dur3x.nc,pending
bat1x_gas22.68_co2_113.4_cy2012_dur4x,2012,22.68,113.4,1,1.0,1.0,4,1.0,False,core,355,C:\Users\michaela.lelova\hodor\hodor_dp\scenarios\networks_core\bat1x_gas22.68_co2_113.4_cy2012_dur4x.nc,pending
bat2x_gas22.68_co2_113.4_cy2012_dur1x,2012,22.68,113.4,2,1.0,1.0,1,1.0,False,core,356,C:\Users\michaela.lelova\hodor\hodor_dp\scenarios\networks_core\bat2x_gas22.68_co2_113.4_cy2012_dur1x.nc,pending
bat2x_gas22.68_co2_113.4_cy2012_dur2x,2012,22.68,113.4,2,1.0,1.0,2,1.0,False,core,357,C:\Users\michaela.lelova\hodor\hodor_dp\scenarios\networks_core\bat2x_gas22.68_co2_113.4_cy2012_dur2x.nc,pending
bat2x_gas22.68_co2_113.4_cy2012_dur3x,2012,22.68,113.4,2,1.0,1.0,3,1.0,False,core,358,C:\Users\michaela.lelova\hodor\hodor_dp\scenarios\networks_core\bat2x_gas22.68_co2_113.4_cy2012_dur3x.nc,pending
bat2x_gas22.68_co2_113.4_cy2012_dur4x,2012,22.68,113.4,2,1.0,1.0,4,1.0,False,core,359,C:\Users\michaela.lelova\hodor\hodor_dp\scenarios\networks_core\bat2x_gas22.68_co2_113.4_cy2012_dur4x.nc,pending
bat4x_gas22.68_co2_113.4_cy2012_dur1x,2012,22.68,113.4,4,1.0,1.0,1,1.0,False,core,360,C:\Users\michaela.lelova\hodor\hodor_dp\scenarios\networks_core\bat4x_gas22.68_co2_113.4_cy2012_dur1x.nc,pending
bat4x_gas22.68_co2_113.4_cy2012_dur2x,2012,22.68,113.4,4,1.0,1.0,2,1.0,False,core,361,C:\Users\michaela.lelova\hodor\hodor_dp\scenarios\networks_core\bat4x_gas22.68_co2_113.4_cy2012_dur2x.nc,pending
bat4x_gas22.68_co2_113.4_cy2012_dur3x,2012,22.68,113.4,4,1.0,1.0,3,1.0,False,core,362,C:\Users\michaela.lelova\hodor\hodor_dp\scenarios\networks_core\bat4x_gas22.68_co2_113.4_cy2012_dur3x.nc,pending
bat4x_gas22.68_co2_113.4_cy2012_dur4x,2012,22.68,113.4,4,1.0,1.0,4,1.0,False,core,363,C:\Users\michaela.lelova\hodor\hodor_dp\scenarios\networks_core\bat4x_gas22.68_co2_113.4_cy2012_dur4x.nc,pending
bat8x_gas22.68_co2_113.4_cy2012_dur1x,2012,22.68,113.4,8,1.0,1.0,1,1.0,False,core,364,C:\Users\michaela.lelova\hodor\hodor_dp\scenarios\networks_core\bat8x_gas22.68_co2_113.4_cy2012_dur1x.nc,pending
bat8x_gas22.68_co2_113.4_cy2012_dur2x,2012,22.68,113.4,8,1.0,1.0,2,1.0,False,core,365,C:\Users\michaela.lelova\hodor\hodor_dp\scenarios\networks_core\bat8x_gas22.68_co2_113.4_cy2012_dur2x.nc,pending
bat8x_gas22.68_co2_113.4_cy2012_dur3x,2012,22.68,113.4,8,1.0,1.0,3,1.0,False,core,366,C:\Users\michaela.lelova\hodor\hodor_dp\scenarios\networks_core\bat8x_gas22.68_co2_113.4_cy2012_dur3x.nc,pending
bat8x_gas22.68_co2_113.4_cy2012_dur4x,2012,22.68,113.4,8,1.0,1.0,4,1.0,False,core,367,C:\Users\michaela.lelova\hodor\hodor_dp\scenarios\networks_core\bat8x_gas22.68_co2_113.4_cy2012_dur4x.nc,pending
bat1x_gas22.68_co2_140_cy2012_dur1x,2012,22.68,140.0,1,1.0,1.0,1,1.0,False,core,368,C:\Users\michaela.lelova\hodor\hodor_dp\scenarios\networks_core\bat1x_gas22.68_co2_140_cy2012_dur1x.nc,pending
bat1x_gas22.68_co2_140_cy2012_dur2x,2012,22.68,140.0,1,1.0,1.0,2,1.0,False,core,369,C:\Users\michaela.lelova\hodor\hodor_dp\scenarios\networks_core\bat1x_gas22.68_co2_140_cy2012_dur2x.nc,pending
bat1x_gas22.68_co2_140_cy2012_dur3x,2012,22.68,140.0,1,1.0,1.0,3,1.0,False,core,370,C:\Users\michaela.lelova\hodor\hodor_dp\scenarios\networks_core\bat1x_gas22.68_co2_140_cy2012_dur3x.nc,pending
bat1x_gas22.68_co2_140_cy2012_dur4x,2012,22.68,140.0,1,1.0,1.0,4,1.0,False,core,371,C:\Users\michaela.lelova\hodor\hodor_dp\scenarios\networks_core\bat1x_gas22.68_co2_140_cy2012_dur4x.nc,pending
bat2x_gas22.68_co2_140_cy2012_dur1x,2012,22.68,140.0,2,1.0,1.0,1,1.0,False,core,372,C:\Users\michaela.lelova\hodor\hodor_dp\scenarios\networks_core\bat2x_gas22.68_co2_140_cy2012_dur1x.nc,pending
bat2x_gas22.68_co2_140_cy2012_dur2x,2012,22.68,140.0,2,1.0,1.0,2,1.0,False,core,373,C:\Users\michaela.lelova\hodor\hodor_dp\scenarios\networks_core\bat2x_gas22.68_co2_140_cy2012_dur2x.nc,pending
bat2x_gas22.68_co2_140_cy2012_dur3x,2012,22.68,140.0,2,1.0,1.0,3,1.0,False,core,374,C:\Users\michaela.lelova\hodor\hodor_dp\scenarios\networks_core\bat2x_gas22.68_co2_140_cy2012_dur3x.nc,pending
bat2x_gas22.68_co2_140_cy2012_dur4x,2012,22.68,140.0,2,1.0,1.0,4,1.0,False,core,375,C:\Users\michaela.lelova\hodor\hodor_dp\scenarios\networks_core\bat2x_gas22.68_co2_140_cy2012_dur4x.nc,pending
bat4x_gas22.68_co2_140_cy2012_dur1x,2012,22.68,140.0,4,1.0,1.0,1,1.0,False,core,376,C:\Users\michaela.lelova\hodor\hodor_dp\scenarios\networks_core\bat4x_gas22.68_co2_140_cy2012_dur1x.nc,pending
bat4x_gas22.68_co2_140_cy2012_dur2x,2012,22.68,140.0,4,1.0,1.0,2,1.0,False,core,377,C:\Users\michaela.lelova\hodor\hodor_dp\scenarios\networks_core\bat4x_gas22.68_co2_140_cy2012_dur2x.nc,pending
bat4x_gas22.68_co2_140_cy2012_dur3x,2012,22.68,140.0,4,1.0,1.0,3,1.0,False,core,378,C:\Users\michaela.lelova\hodor\hodor_dp\scenarios\networks_core\bat4x_gas22.68_co2_140_cy2012_dur3x.nc,pending
bat4x_gas22.68_co2_140_cy2012_dur4x,2012,22.68,140.0,4,1.0,1.0,4,1.0,False,core,379,C:\Users\michaela.lelova\hodor\hodor_dp\scenarios\networks_core\bat4x_gas22.68_co2_140_cy2012_dur4x.nc,pending
bat8x_gas22.68_co2_140_cy2012_dur1x,2012,22.68,140.0,8,1.0,1.0,1,1.0,False,core,380,C:\Users\michaela.lelova\hodor\hodor_dp\scenarios\networks_core\bat8x_gas22.68_co2_140_cy2012_dur1x.nc,pending
bat8x_gas22.68_co2_140_cy2012_dur2x,2012,22.68,140.0,8,1.0,1.0,2,1.0,False,core,381,C:\Users\michaela.lelova\hodor\hodor_dp\scenarios\networks_core\bat8x_gas22.68_co2_140_cy2012_dur2x.nc,pending
bat8x_gas22.68_co2_140_cy2012_dur3x,2012,22.68,140.0,8,1.0,1.0,3,1.0,False,core,382,C:\Users\michaela.lelova\hodor\hodor_dp\scenarios\networks_core\bat8x_gas22.68_co2_140_cy2012_dur3x.nc,pending
bat8x_gas22.68_co2_140_cy2012_dur4x,2012,22.68,140.0,8,1.0,1.0,4,1.0,False,core,383,C:\Users\michaela.lelova\hodor\hodor_dp\scenarios\networks_core\bat8x_gas22.68_co2_140_cy2012_dur4x.nc,pending
bat1x_gas35_co2_80_cy2012_dur1x,2012,35.0,80.0,1,1.0,1.0,1,1.0,False,core,384,C:\Users\michaela.lelova\hodor\hodor_dp\scenarios\networks_core\bat1x_gas35_co2_80_cy2012_dur1x.nc,pending
bat1x_gas35_co2_80_cy2012_dur2x,2012,35.0,80.0,1,1.0,1.0,2,1.0,False,core,385,C:\Users\michaela.lelova\hodor\hodor_dp\scenarios\networks_core\bat1x_gas35_co2_80_cy2012_dur2x.nc,pending
bat1x_gas35_co2_80_cy2012_dur3x,2012,35.0,80.0,1,1.0,1.0,3,1.0,False,core,386,C:\Users\michaela.lelova\hodor\hodor_dp\scenarios\networks_core\bat1x_gas35_co2_80_cy2012_dur3x.nc,pending
bat1x_gas35_co2_80_cy2012_dur4x,2012,35.0,80.0,1,1.0,1.0,4,1.0,False,core,387,C:\Users\michaela.lelova\hodor\hodor_dp\scenarios\networks_core\bat1x_gas35_co2_80_cy2012_dur4x.nc,pending
bat2x_gas35_co2_80_cy2012_dur1x,2012,35.0,80.0,2,1.0,1.0,1,1.0,False,core,388,C:\Users\michaela.lelova\hodor\hodor_dp\scenarios\networks_core\bat2x_gas35_co2_80_cy2012_dur1x.nc,pending
bat2x_gas35_co2_80_cy2012_dur2x,2012,35.0,80.0,2,1.0,1.0,2,1.0,False,core,389,C:\Users\michaela.lelova\hodor\hodor_dp\scenarios\networks_core\bat2x_gas35_co2_80_cy2012_dur2x.nc,pending
bat2x_gas35_co2_80_cy2012_dur3x,2012,35.0,80.0,2,1.0,1.0,3,1.0,False,core,390,C:\Users\michaela.lelova\hodor\hodor_dp\scenarios\networks_core\bat2x_gas35_co2_80_cy2012_dur3x.nc,pending
bat2x_gas35_co2_80_cy2012_dur4x,2012,35.0,80.0,2,1.0,1.0,4,1.0,False,core,391,C:\Users\michaela.lelova\hodor\hodor_dp\scenarios\networks_core\bat2x_gas35_co2_80_cy2012_dur4x.nc,pending
bat4x_gas35_co2_80_cy2012_dur1x,2012,35.0,80.0,4,1.0,1.0,1,1.0,False,core,392,C:\Users\michaela.lelova\hodor\hodor_dp\scenarios\networks_core\bat4x_gas35_co2_80_cy2012_dur1x.nc,pending
bat4x_gas35_co2_80_cy2012_dur2x,2012,35.0,80.0,4,1.0,1.0,2,1.0,False,core,393,C:\Users\michaela.lelova\hodor\hodor_dp\scenarios\networks_core\bat4x_gas35_co2_80_cy2012_dur2x.nc,pending
bat4x_gas35_co2_80_cy2012_dur3x,2012,35.0,80.0,4,1.0,1.0,3,1.0,False,core,394,C:\Users\michaela.lelova\hodor\hodor_dp\scenarios\networks_core\bat4x_gas35_co2_80_cy2012_dur3x.nc,pending
bat4x_gas35_co2_80_cy2012_dur4x,2012,35.0,80.0,4,1.0,1.0,4,1.0,False,core,395,C:\Users\michaela.lelova\hodor\hodor_dp\scenarios\networks_core\bat4x_gas35_co2_80_cy2012_dur4x.nc,pending
bat8x_gas35_co2_80_cy2012_dur1x,2012,35.0,80.0,8,1.0,1.0,1,1.0,False,core,396,C:\Users\michaela.lelova\hodor\hodor_dp\scenarios\networks_core\bat8x_gas35_co2_80_cy2012_dur1x.nc,pending
bat8x_gas35_co2_80_cy2012_dur2x,2012,35.0,80.0,8,1.0,1.0,2,1.0,False,core,397,C:\Users\michaela.lelova\hodor\hodor_dp\scenarios\networks_core\bat8x_gas35_co2_80_cy2012_dur2x.nc,pending
bat8x_gas35_co2_80_cy2012_dur3x,2012,35.0,80.0,8,1.0,1.0,3,1.0,False,core,398,C:\Users\michaela.lelova\hodor\hodor_dp\scenarios\networks_core\bat8x_gas35_co2_80_cy2012_dur3x.nc,pending
bat8x_gas35_co2_80_cy2012_dur4x,2012,35.0,80.0,8,1.0,1.0,4,1.0,False,core,399,C:\Users\michaela.lelova\hodor\hodor_dp\scenarios\networks_core\bat8x_gas35_co2_80_cy2012_dur4x.nc,pending
bat1x_gas35_co2_113.4_cy2012_dur1x,2012,35.0,113.4,1,1.0,1.0,1,1.0,False,core,400,C:\Users\michaela.lelova\hodor\hodor_dp\scenarios\networks_core\bat1x_gas35_co2_113.4_cy2012_dur1x.nc,pending
bat1x_gas35_co2_113.4_cy2012_dur2x,2012,35.0,113.4,1,1.0,1.0,2,1.0,False,core,401,C:\Users\michaela.lelova\hodor\hodor_dp\scenarios\networks_core\bat1x_gas35_co2_113.4_cy2012_dur2x.nc,pending
bat1x_gas35_co2_113.4_cy2012_dur3x,2012,35.0,113.4,1,1.0,1.0,3,1.0,False,core,402,C:\Users\michaela.lelova\hodor\hodor_dp\scenarios\networks_core\bat1x_gas35_co2_113.4_cy2012_dur3x.nc,pending
bat1x_gas35_co2_113.4_cy2012_dur4x,2012,35.0,113.4,1,1.0,1.0,4,1.0,False,core,403,C:\Users\michaela.lelova\hodor\hodor_dp\scenarios\networks_core\bat1x_gas35_co2_113.4_cy2012_dur4x.nc,pending
bat2x_gas35_co2_113.4_cy2012_dur1x,2012,35.0,113.4,2,1.0,1.0,1,1.0,False,core,404,C:\Users\michaela.lelova\hodor\hodor_dp\scenarios\networks_core\bat2x_gas35_co2_113.4_cy2012_dur1x.nc,pending
bat2x_gas35_co2_113.4_cy2012_dur2x,2012,35.0,113.4,2,1.0,1.0,2,1.0,False,core,405,C:\Users\michaela.lelova\hodor\hodor_dp\scenarios\networks_core\bat2x_gas35_co2_113.4_cy2012_dur2x.nc,pending
bat2x_gas35_co2_113.4_cy2012_dur3x,2012,35.0,113.4,2,1.0,1.0,3,1.0,False,core,406,C:\Users\michaela.lelova\hodor\hodor_dp\scenarios\networks_core\bat2x_gas35_co2_113.4_cy2012_dur3x.nc,pending
bat2x_gas35_co2_113.4_cy2012_dur4x,2012,35.0,113.4,2,1.0,1.0,4,1.0,False,core,407,C:\Users\michaela.lelova\hodor\hodor_dp\scenarios\networks_core\bat2x_gas35_co2_113.4_cy2012_dur4x.nc,pending
bat4x_gas35_co2_113.4_cy2012_dur1x,2012,35.0,113.4,4,1.0,1.0,1,1.0,False,core,408,C:\Users\michaela.lelova\hodor\hodor_dp\scenarios\networks_core\bat4x_gas35_co2_113.4_cy2012_dur1x.nc,pending
bat4x_gas35_co2_113.4_cy2012_dur2x,2012,35.0,113.4,4,1.0,1.0,2,1.0,False,core,409,C:\Users\michaela.lelova\hodor\hodor_dp\scenarios\networks_core\bat4x_gas35_co2_113.4_cy2012_dur2x.nc,pending
bat4x_gas35_co2_113.4_cy2012_dur3x,2012,35.0,113.4,4,1.0,1.0,3,1.0,False,core,410,C:\Users\michaela.lelova\hodor\hodor_dp\scenarios\networks_core\bat4x_gas35_co2_113.4_cy2012_dur3x.nc,pending
bat4x_gas35_co2_113.4_cy2012_dur4x,2012,35.0,113.4,4,1.0,1.0,4,1.0,False,core,411,C:\Users\michaela.lelova\hodor\hodor_dp\scenarios\networks_core\bat4x_gas35_co2_113.4_cy2012_dur4x.nc,pending
bat8x_gas35_co2_113.4_cy2012_dur1x,2012,35.0,113.4,8,1.0,1.0,1,1.0,False,core,412,C:\Users\michaela.lelova\hodor\hodor_dp\scenarios\networks_core\bat8x_gas35_co2_113.4_cy2012_dur1x.nc,pending
bat8x_gas35_co2_113.4_cy2012_dur2x,2012,35.0,113.4,8,1.0,1.0,2,1.0,False,core,413,C:\Users\michaela.lelova\hodor\hodor_dp\scenarios\networks_core\bat8x_gas35_co2_113.4_cy2012_dur2x.nc,pending
bat8x_gas35_co2_113.4_cy2012_dur3x,2012,35.0,113.4,8,1.0,1.0,3,1.0,False,core,414,C:\Users\michaela.lelova\hodor\hodor_dp\scenarios\networks_core\bat8x_gas35_co2_113.4_cy2012_dur3x.nc,pending
bat8x_gas35_co2_113.4_cy2012_dur4x,2012,35.0,113.4,8,1.0,1.0,4,1.0,False,core,415,C:\Users\michaela.lelova\hodor\hodor_dp\scenarios\networks_core\bat8x_gas35_co2_113.4_cy2012_dur4x.nc,pending
bat1x_gas35_co2_140_cy2012_dur1x,2012,35.0,140.0,1,1.0,1.0,1,1.0,False,core,416,C:\Users\michaela.lelova\hodor\hodor_dp\scenarios\networks_core\bat1x_gas35_co2_140_cy2012_dur1x.nc,pending
bat1x_gas35_co2_140_cy2012_dur2x,2012,35.0,140.0,1,1.0,1.0,2,1.0,False,core,417,C:\Users\michaela.lelova\hodor\hodor_dp\scenarios\networks_core\bat1x_gas35_co2_140_cy2012_dur2x.nc,pending
bat1x_gas35_co2_140_cy2012_dur3x,2012,35.0,140.0,1,1.0,1.0,3,1.0,False,core,418,C:\Users\michaela.lelova\hodor\hodor_dp\scenarios\networks_core\bat1x_gas35_co2_140_cy2012_dur3x.nc,pending
bat1x_gas35_co2_140_cy2012_dur4x,2012,35.0,140.0,1,1.0,1.0,4,1.0,False,core,419,C:\Users\michaela.lelova\hodor\hodor_dp\scenarios\networks_core\bat1x_gas35_co2_140_cy2012_dur4x.nc,pending
bat2x_gas35_co2_140_cy2012_dur1x,2012,35.0,140.0,2,1.0,1.0,1,1.0,False,core,420,C:\Users\michaela.lelova\hodor\hodor_dp\scenarios\networks_core\bat2x_gas35_co2_140_cy2012_dur1x.nc,pending
bat2x_gas35_co2_140_cy2012_dur2x,2012,35.0,140.0,2,1.0,1.0,2,1.0,False,core,421,C:\Users\michaela.lelova\hodor\hodor_dp\scenarios\networks_core\bat2x_gas35_co2_140_cy2012_dur2x.nc,pending
bat2x_gas35_co2_140_cy2012_dur3x,2012,35.0,140.0,2,1.0,1.0,3,1.0,False,core,422,C:\Users\michaela.lelova\hodor\hodor_dp\scenarios\networks_core\bat2x_gas35_co2_140_cy2012_dur3x.nc,pending
bat2x_gas35_co2_140_cy2012_dur4x,2012,35.0,140.0,2,1.0,1.0,4,1.0,False,core,423,C:\Users\michaela.lelova\hodor\hodor_dp\scenarios\networks_core\bat2x_gas35_co2_140_cy2012_dur4x.nc,pending
bat4x_gas35_co2_140_cy2012_dur1x,2012,35.0,140.0,4,1.0,1.0,1,1.0,False,core,424,C:\Users\michaela.lelova\hodor\hodor_dp\scenarios\networks_core\bat4x_gas35_co2_140_cy2012_dur1x.nc,pending
bat4x_gas35_co2_140_cy2012_dur2x,2012,35.0,140.0,4,1.0,1.0,2,1.0,False,core,425,C:\Users\michaela.lelova\hodor\hodor_dp\scenarios\networks_core\bat4x_gas35_co2_140_cy2012_dur2x.nc,pending
bat4x_gas35_co2_140_cy2012_dur3x,2012,35.0,140.0,4,1.0,1.0,3,1.0,False,core,426,C:\Users\michaela.lelova\hodor\hodor_dp\scenarios\networks_core\bat4x_gas35_co2_140_cy2012_dur3x.nc,pending
bat4x_gas35_co2_140_cy2012_dur4x,2012,35.0,140.0,4,1.0,1.0,4,1.0,False,core,427,C:\Users\michaela.lelova\hodor\hodor_dp\scenarios\networks_core\bat4x_gas35_co2_140_cy2012_dur4x.nc,pending
bat8x_gas35_co2_140_cy2012_dur1x,2012,35.0,140.0,8,1.0,1.0,1,1.0,False,core,428,C:\Users\michaela.lelova\hodor\hodor_dp\scenarios\networks_core\bat8x_gas35_co2_140_cy2012_dur1x.nc,pending
bat8x_gas35_co2_140_cy2012_dur2x,2012,35.0,140.0,8,1.0,1.0,2,1.0,False,core,429,C:\Users\michaela.lelova\hodor\hodor_dp\scenarios\networks_core\bat8x_gas35_co2_140_cy2012_dur2x.nc,pending
bat8x_gas35_co2_140_cy2012_dur3x,2012,35.0,140.0,8,1.0,1.0,3,1.0,False,core,430,C:\Users\michaela.lelova\hodor\hodor_dp\scenarios\networks_core\bat8x_gas35_co2_140_cy2012_dur3x.nc,pending
bat8x_gas35_co2_140_cy2012_dur4x,2012,35.0,140.0,8,1.0,1.0,4,1.0,False,core,431,C:\Users\michaela.lelova\hodor\hodor_dp\scenarios\networks_core\bat8x_gas35_co2_140_cy2012_dur4x.nc,pending
